name,Dest,Origin,ArrDelay_mean,ArrDelay_max,ArrDelay_min,counts,OriginCityName,OriginStateName,DestCityName,DestStateName,orig_lat,orig_lon,dest_lat,dest_lon
Alaska Airlines Inc.,DFW,IAH,-6.211538461538462,63.0,-30.0,52,"Houston, TX",Texas,"Dallas/Fort Worth, TX",Texas,29.9843997955322,-95.3414001464844,32.896801,-97.038002
Alaska Airlines Inc.,SEA,IAH,-4.661577608142494,218.0,-55.0,393,"Houston, TX",Texas,"Seattle, WA",Washington,29.9843997955322,-95.3414001464844,47.449001,-122.308998
Allegiant Air,AVL,HOU,-1.2363636363636363,99.0,-37.0,55,"Houston, TX",Texas,"Asheville, NC",North Carolina,29.64539909,-95.27890015,35.4361991882324,-82.5418014526367
Allegiant Air,PGD,HOU,60.72727272727273,650.0,-36.0,11,"Houston, TX",Texas,"Punta Gorda, FL",Florida,29.64539909,-95.27890015,26.92020035,-81.9905014
Allegiant Air,SAV,HOU,4.045454545454546,127.0,-26.0,44,"Houston, TX",Texas,"Savannah, GA",Georgia,29.64539909,-95.27890015,32.12760162,-81.20210266
Allegiant Air,TYS,HOU,11.925925925925926,157.0,-30.0,54,"Houston, TX",Texas,"Knoxville, TN",Tennessee,29.64539909,-95.27890015,35.81100082,-83.9940033
Allegiant Air,VPS,HOU,21.70212765957447,243.0,-44.0,47,"Houston, TX",Texas,"Valparaiso, FL",Florida,29.64539909,-95.27890015,30.4832,-86.525398
American Airlines Inc.,CLT,IAH,-1.5172413793103448,835.0,-59.0,1131,"Houston, TX",Texas,"Charlotte, NC",North Carolina,29.9843997955322,-95.3414001464844,35.2140007019043,-80.9430999755859
American Airlines Inc.,DFW,IAH,9.060570071258907,1501.0,-42.0,1684,"Houston, TX",Texas,"Dallas/Fort Worth, TX",Texas,29.9843997955322,-95.3414001464844,32.896801,-97.038002
American Airlines Inc.,LAX,IAH,3.316326530612245,898.0,-54.0,98,"Houston, TX",Texas,"Los Angeles, CA",California,29.9843997955322,-95.3414001464844,33.94250107,-118.4079971
American Airlines Inc.,MIA,IAH,-2.226480836236934,1525.0,-42.0,574,"Houston, TX",Texas,"Miami, FL",Florida,29.9843997955322,-95.3414001464844,25.7931995391846,-80.2906036376953
American Airlines Inc.,ORD,IAH,-3.8875739644970415,859.0,-41.0,169,"Houston, TX",Texas,"Chicago, IL",Illinois,29.9843997955322,-95.3414001464844,41.9786,-87.9048
American Airlines Inc.,PHL,IAH,8.1,207.0,-23.0,40,"Houston, TX",Texas,"Philadelphia, PA",Pennsylvania,29.9843997955322,-95.3414001464844,39.871898651123,-75.241096496582
American Airlines Inc.,PHX,IAH,0.5465116279069767,515.0,-32.0,86,"Houston, TX",Texas,"Phoenix, AZ",Arizona,29.9843997955322,-95.3414001464844,33.4342994689941,-112.012001037598
Delta Air Lines Inc.,ATL,HOU,-5.935402684563758,296.0,-36.0,1192,"Houston, TX",Texas,"Atlanta, GA",Georgia,29.64539909,-95.27890015,33.6367,-84.428101
Delta Air Lines Inc.,ATL,IAH,-5.665480427046264,617.0,-43.0,1686,"Houston, TX",Texas,"Atlanta, GA",Georgia,29.9843997955322,-95.3414001464844,33.6367,-84.428101
Delta Air Lines Inc.,DTW,IAH,-9.0,7.0,-15.0,7,"Houston, TX",Texas,"Detroit, MI",Michigan,29.9843997955322,-95.3414001464844,42.2123985290527,-83.353401184082
Delta Air Lines Inc.,JFK,IAH,7.516339869281046,908.0,-39.0,153,"Houston, TX",Texas,"New York, NY",New York,29.9843997955322,-95.3414001464844,40.63980103,-73.77890015
Delta Air Lines Inc.,LGA,IAH,1.4108216432865732,1034.0,-54.0,499,"Houston, TX",Texas,"New York, NY",New York,29.9843997955322,-95.3414001464844,40.77719879,-73.87259674
Delta Air Lines Inc.,MSP,IAH,7.708860759493671,367.0,-43.0,79,"Houston, TX",Texas,"Minneapolis, MN",Minnesota,29.9843997955322,-95.3414001464844,44.882,-93.221802
Delta Air Lines Inc.,SLC,IAH,5.656942823803967,907.0,-45.0,857,"Houston, TX",Texas,"Salt Lake City, UT",Utah,29.9843997955322,-95.3414001464844,40.7883987426758,-111.977996826172
Endeavor Air Inc.,ATL,HOU,0.15060240963855423,145.0,-21.0,166,"Houston, TX",Texas,"Atlanta, GA",Georgia,29.64539909,-95.27890015,33.6367,-84.428101
Endeavor Air Inc.,CVG,IAH,-15.102941176470589,108.0,-35.0,68,"Houston, TX",Texas,"Cincinnati, OH",Kentucky,29.9843997955322,-95.3414001464844,39.0488014221,-84.6678009033
Endeavor Air Inc.,DTW,IAH,-1.726775956284153,138.0,-42.0,183,"Houston, TX",Texas,"Detroit, MI",Michigan,29.9843997955322,-95.3414001464844,42.2123985290527,-83.353401184082
Endeavor Air Inc.,MSP,IAH,-7.053333333333334,235.0,-49.0,75,"Houston, TX",Texas,"Minneapolis, MN",Minnesota,29.9843997955322,-95.3414001464844,44.882,-93.221802
Envoy Air,DFW,HOU,10.378223495702006,429.0,-27.0,349,"Houston, TX",Texas,"Dallas/Fort Worth, TX",Texas,29.64539909,-95.27890015,32.896801,-97.038002
Envoy Air,DFW,IAH,3.608695652173913,209.0,-23.0,230,"Houston, TX",Texas,"Dallas/Fort Worth, TX",Texas,29.9843997955322,-95.3414001464844,32.896801,-97.038002
Envoy Air,ORD,IAH,-1.9607142857142856,1162.0,-46.0,280,"Houston, TX",Texas,"Chicago, IL",Illinois,29.9843997955322,-95.3414001464844,41.9786,-87.9048
ExpressJet Airlines Inc.,ABQ,IAH,-0.4945054945054945,206.0,-26.0,182,"Houston, TX",Texas,"Albuquerque, NM",New Mexico,29.9843997955322,-95.3414001464844,35.040199,-106.609001
ExpressJet Airlines Inc.,AEX,IAH,-2.9375,810.0,-29.0,288,"Houston, TX",Texas,"Alexandria, LA",Louisiana,29.9843997955322,-95.3414001464844,31.3274002075195,-92.5497970581055
ExpressJet Airlines Inc.,AMA,IAH,-3.661417322834646,130.0,-38.0,254,"Houston, TX",Texas,"Amarillo, TX",Texas,29.9843997955322,-95.3414001464844,35.219398,-101.706001
ExpressJet Airlines Inc.,ATL,IAH,-2.259259259259259,199.0,-31.0,108,"Houston, TX",Texas,"Atlanta, GA",Georgia,29.9843997955322,-95.3414001464844,33.6367,-84.428101
ExpressJet Airlines Inc.,AUS,IAH,-12.7,-5.0,-18.0,10,"Houston, TX",Texas,"Austin, TX",Texas,29.9843997955322,-95.3414001464844,30.1944999694824,-97.6698989868164
ExpressJet Airlines Inc.,BHM,IAH,-11.187022900763358,113.0,-39.0,262,"Houston, TX",Texas,"Birmingham, AL",Alabama,29.9843997955322,-95.3414001464844,33.56290054,-86.75350189
ExpressJet Airlines Inc.,BNA,IAH,-6.927835051546392,95.0,-33.0,194,"Houston, TX",Texas,"Nashville, TN",Tennessee,29.9843997955322,-95.3414001464844,36.1245002746582,-86.6781997680664
ExpressJet Airlines Inc.,BRO,IAH,-8.11816578483245,214.0,-34.0,567,"Houston, TX",Texas,"Brownsville, TX",Texas,29.9843997955322,-95.3414001464844,25.9067993164062,-97.4259033203125
ExpressJet Airlines Inc.,BTR,IAH,-6.39501312335958,228.0,-32.0,762,"Houston, TX",Texas,"Baton Rouge, LA",Louisiana,29.9843997955322,-95.3414001464844,30.533199,-91.149597
ExpressJet Airlines Inc.,CHS,IAH,-7.0,15.0,-23.0,19,"Houston, TX",Texas,"Charleston, SC",South Carolina,29.9843997955322,-95.3414001464844,32.89860153,-80.04049683
ExpressJet Airlines Inc.,CLE,IAH,-8.707692307692307,126.0,-49.0,130,"Houston, TX",Texas,"Cleveland, OH",Ohio,29.9843997955322,-95.3414001464844,41.4117012024,-81.8498001099
ExpressJet Airlines Inc.,CLL,IAH,-8.381538461538462,150.0,-35.0,325,"Houston, TX",Texas,"College Station/Bryan, TX",Texas,29.9843997955322,-95.3414001464844,30.58860016,-96.36380005
ExpressJet Airlines Inc.,CLT,IAH,-9.777777777777779,41.0,-37.0,9,"Houston, TX",Texas,"Charlotte, NC",North Carolina,29.9843997955322,-95.3414001464844,35.2140007019043,-80.9430999755859
ExpressJet Airlines Inc.,CMH,IAH,-11.0,-11.0,-11.0,1,"Houston, TX",Texas,"Columbus, OH",Ohio,29.9843997955322,-95.3414001464844,39.998001,-82.891899
ExpressJet Airlines Inc.,COS,IAH,-0.8641975308641975,148.0,-33.0,81,"Houston, TX",Texas,"Colorado Springs, CO",Colorado,29.9843997955322,-95.3414001464844,38.805801,-104.700996
ExpressJet Airlines Inc.,CRP,IAH,-4.7780784844384305,784.0,-39.0,739,"Houston, TX",Texas,"Corpus Christi, TX",Texas,29.9843997955322,-95.3414001464844,27.7703990936279,-97.5011978149414
ExpressJet Airlines Inc.,CVG,IAH,-13.421052631578947,145.0,-41.0,95,"Houston, TX",Texas,"Cincinnati, OH",Kentucky,29.9843997955322,-95.3414001464844,39.0488014221,-84.6678009033
ExpressJet Airlines Inc.,DAY,IAH,-2.4,99.0,-29.0,20,"Houston, TX",Texas,"Dayton, OH",Ohio,29.9843997955322,-95.3414001464844,39.902400970459,-84.2193984985352
ExpressJet Airlines Inc.,DCA,IAH,-4.25,203.0,-37.0,56,"Houston, TX",Texas,"Washington, DC",Virginia,29.9843997955322,-95.3414001464844,38.8521,-77.037697
ExpressJet Airlines Inc.,DFW,IAH,-6.181818181818182,40.0,-30.0,11,"Houston, TX",Texas,"Dallas/Fort Worth, TX",Texas,29.9843997955322,-95.3414001464844,32.896801,-97.038002
ExpressJet Airlines Inc.,DSM,IAH,-6.833333333333333,1.0,-16.0,6,"Houston, TX",Texas,"Des Moines, IA",Iowa,29.9843997955322,-95.3414001464844,41.5340003967285,-93.6631011962891
ExpressJet Airlines Inc.,DTW,IAH,-10.5,19.0,-37.0,48,"Houston, TX",Texas,"Detroit, MI",Michigan,29.9843997955322,-95.3414001464844,42.2123985290527,-83.353401184082
ExpressJet Airlines Inc.,ECP,IAH,-5.959247648902822,334.0,-42.0,319,"Houston, TX",Texas,"Panama City, FL",Florida,29.9843997955322,-95.3414001464844,30.357106,-85.795414
ExpressJet Airlines Inc.,ELP,IAH,-4.357512953367876,96.0,-36.0,193,"Houston, TX",Texas,"El Paso, TX",Texas,29.9843997955322,-95.3414001464844,31.80719948,-106.3779984
ExpressJet Airlines Inc.,GPT,IAH,-3.847122302158273,1030.0,-36.0,556,"Houston, TX",Texas,"Gulfport/Biloxi, MS",Mississippi,29.9843997955322,-95.3414001464844,30.4073009490967,-89.0700988769531
ExpressJet Airlines Inc.,GRK,IAH,-6.076687116564417,582.0,-37.0,326,"Houston, TX",Texas,"Killeen, TX",Texas,29.9843997955322,-95.3414001464844,31.067199707,-97.8289031982
ExpressJet Airlines Inc.,GSP,IAH,13.5,39.0,-12.0,2,"Houston, TX",Texas,"Greer, SC",South Carolina,29.9843997955322,-95.3414001464844,34.8956985474,-82.2189025879
ExpressJet Airlines Inc.,HOB,IAH,-0.37373737373737376,234.0,-30.0,99,"Houston, TX",Texas,"Hobbs, NM",New Mexico,29.9843997955322,-95.3414001464844,32.6875,-103.2170029
ExpressJet Airlines Inc.,HRL,IAH,-5.3992673992674,317.0,-39.0,546,"Houston, TX",Texas,"Harlingen/San Benito, TX",Texas,29.9843997955322,-95.3414001464844,26.2285003662109,-97.6544036865234
ExpressJet Airlines Inc.,HSV,IAH,-5.815384615384615,238.0,-40.0,260,"Houston, TX",Texas,"Huntsville, AL",Alabama,29.9843997955322,-95.3414001464844,34.637199401855,-86.775100708008
ExpressJet Airlines Inc.,ICT,IAH,-6.140845070422535,217.0,-44.0,284,"Houston, TX",Texas,"Wichita, KS",Kansas,29.9843997955322,-95.3414001464844,37.649899,-97.433098
ExpressJet Airlines Inc.,IND,IAH,-7.885245901639344,168.0,-40.0,183,"Houston, TX",Texas,"Indianapolis, IN",Indiana,29.9843997955322,-95.3414001464844,39.7173,-86.294403
ExpressJet Airlines Inc.,JAN,IAH,-8.001818181818182,226.0,-52.0,550,"Houston, TX",Texas,"Jackson/Vicksburg, MS",Mississippi,29.9843997955322,-95.3414001464844,32.3111991882,-90.0758972168
ExpressJet Airlines Inc.,JAX,IAH,-12.722222222222221,42.0,-33.0,54,"Houston, TX",Texas,"Jacksonville, FL",Florida,29.9843997955322,-95.3414001464844,30.4941005706787,-81.6878967285156
ExpressJet Airlines Inc.,LBB,IAH,-7.507246376811594,213.0,-42.0,483,"Houston, TX",Texas,"Lubbock, TX",Texas,29.9843997955322,-95.3414001464844,33.663601,-101.822998
ExpressJet Airlines Inc.,LCH,IAH,-7.026881720430108,409.0,-37.0,372,"Houston, TX",Texas,"Lake Charles, LA",Louisiana,29.9843997955322,-95.3414001464844,30.1261005401611,-93.2232971191406
ExpressJet Airlines Inc.,LEX,IAH,0.3333333333333333,132.0,-29.0,75,"Houston, TX",Texas,"Lexington, KY",Kentucky,29.9843997955322,-95.3414001464844,38.0364990234375,-84.6059036254883
ExpressJet Airlines Inc.,LFT,IAH,-5.737134909596662,246.0,-36.0,719,"Houston, TX",Texas,"Lafayette, LA",Louisiana,29.9843997955322,-95.3414001464844,30.20529938,-91.98760223
ExpressJet Airlines Inc.,LGA,IAH,-18.6,-12.0,-27.0,5,"Houston, TX",Texas,"New York, NY",New York,29.9843997955322,-95.3414001464844,40.77719879,-73.87259674
ExpressJet Airlines Inc.,LIT,IAH,-5.430476190476191,200.0,-32.0,525,"Houston, TX",Texas,"Little Rock, AR",Arkansas,29.9843997955322,-95.3414001464844,34.7294006348,-92.2242965698
ExpressJet Airlines Inc.,LRD,IAH,-8.23225806451613,212.0,-43.0,465,"Houston, TX",Texas,"Laredo, TX",Texas,29.9843997955322,-95.3414001464844,27.5438003540039,-99.4616012573242
ExpressJet Airlines Inc.,MAF,IAH,-8.085714285714285,48.0,-24.0,35,"Houston, TX",Texas,"Midland/Odessa, TX",Texas,29.9843997955322,-95.3414001464844,31.9424991607666,-102.202003479004
ExpressJet Airlines Inc.,MCI,IAH,-9.563218390804598,97.0,-34.0,87,"Houston, TX",Texas,"Kansas City, MO",Missouri,29.9843997955322,-95.3414001464844,39.2976,-94.713898
ExpressJet Airlines Inc.,MEM,IAH,-5.5159010600706715,162.0,-31.0,283,"Houston, TX",Texas,"Memphis, TN",Tennessee,29.9843997955322,-95.3414001464844,35.0424003601074,-89.9766998291016
ExpressJet Airlines Inc.,MFE,IAH,-4.38785046728972,102.0,-28.0,428,"Houston, TX",Texas,"Mission/McAllen/Edinburg, TX",Texas,29.9843997955322,-95.3414001464844,26.17580032,-98.23860168
ExpressJet Airlines Inc.,MLU,IAH,-4.559701492537314,241.0,-31.0,268,"Houston, TX",Texas,"Monroe, LA",Louisiana,29.9843997955322,-95.3414001464844,32.5108985900879,-92.0376968383789
ExpressJet Airlines Inc.,MOB,IAH,-6.536363636363636,226.0,-35.0,660,"Houston, TX",Texas,"Mobile, AL",Alabama,29.9843997955322,-95.3414001464844,30.691200256348,-88.242797851562
ExpressJet Airlines Inc.,MSP,IAH,-5.893939393939394,155.0,-36.0,66,"Houston, TX",Texas,"Minneapolis, MN",Minnesota,29.9843997955322,-95.3414001464844,44.882,-93.221802
ExpressJet Airlines Inc.,MSY,IAH,-9.5,7.0,-22.0,4,"Houston, TX",Texas,"New Orleans, LA",Louisiana,29.9843997955322,-95.3414001464844,29.9934005737305,-90.2580032348633
ExpressJet Airlines Inc.,MTJ,IAH,-2.4285714285714284,14.0,-9.0,7,"Houston, TX",Texas,"Montrose/Delta, CO",Colorado,29.9843997955322,-95.3414001464844,38.5097999573,-107.893997192
ExpressJet Airlines Inc.,OKC,IAH,-7.125,13.0,-25.0,24,"Houston, TX",Texas,"Oklahoma City, OK",Oklahoma,29.9843997955322,-95.3414001464844,35.3931007385254,-97.600700378418
ExpressJet Airlines Inc.,OMA,IAH,-4.653543307086614,65.0,-40.0,127,"Houston, TX",Texas,"Omaha, NE",Nebraska,29.9843997955322,-95.3414001464844,41.3032,-95.894096
ExpressJet Airlines Inc.,PIT,IAH,1.1547619047619047,82.0,-34.0,84,"Houston, TX",Texas,"Pittsburgh, PA",Pennsylvania,29.9843997955322,-95.3414001464844,40.49150085,-80.23290253
ExpressJet Airlines Inc.,PNS,IAH,-4.139479905437352,324.0,-35.0,423,"Houston, TX",Texas,"Pensacola, FL",Florida,29.9843997955322,-95.3414001464844,30.473400115967,-87.186599731445
ExpressJet Airlines Inc.,RDU,IAH,-11.65079365079365,140.0,-40.0,63,"Houston, TX",Texas,"Raleigh/Durham, NC",North Carolina,29.9843997955322,-95.3414001464844,35.8776016235352,-78.7874984741211
ExpressJet Airlines Inc.,RIC,IAH,3.3444444444444446,855.0,-34.0,90,"Houston, TX",Texas,"Richmond, VA",Virginia,29.9843997955322,-95.3414001464844,37.505199432373,-77.3197021484375
ExpressJet Airlines Inc.,SAT,IAH,-6.3125,24.0,-19.0,16,"Houston, TX",Texas,"San Antonio, TX",Texas,29.9843997955322,-95.3414001464844,29.5337009429932,-98.4698028564453
ExpressJet Airlines Inc.,SAV,IAH,-9.758064516129032,90.0,-35.0,62,"Houston, TX",Texas,"Savannah, GA",Georgia,29.9843997955322,-95.3414001464844,32.12760162,-81.20210266
ExpressJet Airlines Inc.,SDF,IAH,-4.362068965517241,118.0,-28.0,58,"Houston, TX",Texas,"Louisville, KY",Kentucky,29.9843997955322,-95.3414001464844,38.1744,-85.736
ExpressJet Airlines Inc.,SGF,IAH,-9.583333333333334,39.0,-35.0,96,"Houston, TX",Texas,"Springfield, MO",Missouri,29.9843997955322,-95.3414001464844,37.24570084,-93.38860321
ExpressJet Airlines Inc.,SHV,IAH,-7.356472795497186,258.0,-34.0,533,"Houston, TX",Texas,"Shreveport, LA",Louisiana,29.9843997955322,-95.3414001464844,32.446602,-93.8256
ExpressJet Airlines Inc.,SLC,IAH,74.25,173.0,-18.0,4,"Houston, TX",Texas,"Salt Lake City, UT",Utah,29.9843997955322,-95.3414001464844,40.7883987426758,-111.977996826172
ExpressJet Airlines Inc.,STL,IAH,-6.543307086614173,165.0,-38.0,254,"Houston, TX",Texas,"St. Louis, MO",Missouri,29.9843997955322,-95.3414001464844,38.748697,-90.370003
ExpressJet Airlines Inc.,TUL,IAH,-6.477832512315271,161.0,-34.0,406,"Houston, TX",Texas,"Tulsa, OK",Oklahoma,29.9843997955322,-95.3414001464844,36.1983985900879,-95.8880996704102
ExpressJet Airlines Inc.,TUS,IAH,-14.0,-5.0,-23.0,2,"Houston, TX",Texas,"Tucson, AZ",Arizona,29.9843997955322,-95.3414001464844,32.1161003112793,-110.94100189209
ExpressJet Airlines Inc.,TYS,IAH,-9.530567685589519,317.0,-56.0,458,"Houston, TX",Texas,"Knoxville, TN",Tennessee,29.9843997955322,-95.3414001464844,35.81100082,-83.9940033
ExpressJet Airlines Inc.,VPS,IAH,-5.0344827586206895,704.0,-40.0,290,"Houston, TX",Texas,"Valparaiso, FL",Florida,29.9843997955322,-95.3414001464844,30.4832,-86.525398
ExpressJet Airlines Inc.,XNA,IAH,-6.994202898550725,243.0,-38.0,345,"Houston, TX",Texas,"Fayetteville, AR",Arkansas,29.9843997955322,-95.3414001464844,36.281898,-94.306801
Frontier Airlines Inc.,DEN,IAH,-8.838289962825279,256.0,-43.0,538,"Houston, TX",Texas,"Denver, CO",Colorado,29.9843997955322,-95.3414001464844,39.861698150635,-104.672996521
Frontier Airlines Inc.,HRL,IAH,-9.75,-6.0,-14.0,8,"Houston, TX",Texas,"Harlingen/San Benito, TX",Texas,29.9843997955322,-95.3414001464844,26.2285003662109,-97.6544036865234
Frontier Airlines Inc.,LAS,IAH,2.8502994011976046,371.0,-41.0,167,"Houston, TX",Texas,"Las Vegas, NV",Nevada,29.9843997955322,-95.3414001464844,36.08010101,-115.1520004
Frontier Airlines Inc.,MCO,IAH,-1.6779661016949152,217.0,-38.0,59,"Houston, TX",Texas,"Orlando, FL",Florida,29.9843997955322,-95.3414001464844,28.4293994903564,-81.3089981079102
Frontier Airlines Inc.,PHL,IAH,-10.0,-2.0,-19.0,3,"Houston, TX",Texas,"Philadelphia, PA",Pennsylvania,29.9843997955322,-95.3414001464844,39.871898651123,-75.241096496582
JetBlue Airways,BOS,IAH,-17.455026455026456,567.0,-76.0,189,"Houston, TX",Texas,"Boston, MA",Massachusetts,29.9843997955322,-95.3414001464844,42.36429977,-71.00520325
JetBlue Airways,JFK,IAH,-14.81675392670157,281.0,-69.0,191,"Houston, TX",Texas,"New York, NY",New York,29.9843997955322,-95.3414001464844,40.63980103,-73.77890015
JetBlue Airways,MSY,IAH,-35.5,-35.0,-36.0,2,"Houston, TX",Texas,"New Orleans, LA",Louisiana,29.9843997955322,-95.3414001464844,29.9934005737305,-90.2580032348633
Mesa Airlines Inc.,ABQ,IAH,-3.576923076923077,696.0,-36.0,208,"Houston, TX",Texas,"Albuquerque, NM",New Mexico,29.9843997955322,-95.3414001464844,35.040199,-106.609001
Mesa Airlines Inc.,ATL,IAH,-4.458984375,201.0,-41.0,512,"Houston, TX",Texas,"Atlanta, GA",Georgia,29.9843997955322,-95.3414001464844,33.6367,-84.428101
Mesa Airlines Inc.,AUS,IAH,-3.617391304347826,765.0,-33.0,575,"Houston, TX",Texas,"Austin, TX",Texas,29.9843997955322,-95.3414001464844,30.1944999694824,-97.6698989868164
Mesa Airlines Inc.,BDL,IAH,-7.3164556962025316,250.0,-38.0,79,"Houston, TX",Texas,"Hartford, CT",Connecticut,29.9843997955322,-95.3414001464844,41.9388999939,-72.6831970215
Mesa Airlines Inc.,BHM,IAH,-6.67381974248927,740.0,-47.0,466,"Houston, TX",Texas,"Birmingham, AL",Alabama,29.9843997955322,-95.3414001464844,33.56290054,-86.75350189
Mesa Airlines Inc.,BNA,IAH,-7.936567164179104,192.0,-37.0,268,"Houston, TX",Texas,"Nashville, TN",Tennessee,29.9843997955322,-95.3414001464844,36.1245002746582,-86.6781997680664
Mesa Airlines Inc.,BOI,IAH,-9.0,19.0,-30.0,5,"Houston, TX",Texas,"Boise, ID",Idaho,29.9843997955322,-95.3414001464844,43.5644,-116.223
Mesa Airlines Inc.,BOS,IAH,-15.0,-5.0,-25.0,2,"Houston, TX",Texas,"Boston, MA",Massachusetts,29.9843997955322,-95.3414001464844,42.36429977,-71.00520325
Mesa Airlines Inc.,BRO,IAH,-6.826923076923077,92.0,-28.0,104,"Houston, TX",Texas,"Brownsville, TX",Texas,29.9843997955322,-95.3414001464844,25.9067993164062,-97.4259033203125
Mesa Airlines Inc.,BTR,IAH,-1.0922330097087378,543.0,-34.0,206,"Houston, TX",Texas,"Baton Rouge, LA",Louisiana,29.9843997955322,-95.3414001464844,30.533199,-91.149597
Mesa Airlines Inc.,BWI,IAH,-8.950413223140496,255.0,-34.0,121,"Houston, TX",Texas,"Baltimore, MD",Maryland,29.9843997955322,-95.3414001464844,39.1754,-76.668297
Mesa Airlines Inc.,BZN,IAH,-9.46376811594203,96.0,-35.0,69,"Houston, TX",Texas,"Bozeman, MT",Montana,29.9843997955322,-95.3414001464844,45.77750015,-111.1529999
Mesa Airlines Inc.,CAK,IAH,-8.738636363636363,110.0,-41.0,88,"Houston, TX",Texas,"Akron, OH",Ohio,29.9843997955322,-95.3414001464844,40.9160995483398,-81.4421997070312
Mesa Airlines Inc.,CHS,IAH,-6.725714285714286,225.0,-41.0,350,"Houston, TX",Texas,"Charleston, SC",South Carolina,29.9843997955322,-95.3414001464844,32.89860153,-80.04049683
Mesa Airlines Inc.,CLE,IAH,-9.829268292682928,425.0,-42.0,410,"Houston, TX",Texas,"Cleveland, OH",Ohio,29.9843997955322,-95.3414001464844,41.4117012024,-81.8498001099
Mesa Airlines Inc.,CLT,IAH,-3.1636060100166943,477.0,-42.0,599,"Houston, TX",Texas,"Charlotte, NC",North Carolina,29.9843997955322,-95.3414001464844,35.2140007019043,-80.9430999755859
Mesa Airlines Inc.,CMH,IAH,-4.632302405498282,248.0,-46.0,582,"Houston, TX",Texas,"Columbus, OH",Ohio,29.9843997955322,-95.3414001464844,39.998001,-82.891899
Mesa Airlines Inc.,COS,IAH,0.5,107.0,-27.0,8,"Houston, TX",Texas,"Colorado Springs, CO",Colorado,29.9843997955322,-95.3414001464844,38.805801,-104.700996
Mesa Airlines Inc.,CRP,IAH,-1.9430379746835442,113.0,-30.0,158,"Houston, TX",Texas,"Corpus Christi, TX",Texas,29.9843997955322,-95.3414001464844,27.7703990936279,-97.5011978149414
Mesa Airlines Inc.,CVG,IAH,-7.6149584487534625,355.0,-37.0,361,"Houston, TX",Texas,"Cincinnati, OH",Kentucky,29.9843997955322,-95.3414001464844,39.0488014221,-84.6678009033
Mesa Airlines Inc.,DAY,IAH,16.603174603174605,705.0,-30.0,63,"Houston, TX",Texas,"Dayton, OH",Ohio,29.9843997955322,-95.3414001464844,39.902400970459,-84.2193984985352
Mesa Airlines Inc.,DCA,IAH,-12.490033222591363,247.0,-47.0,602,"Houston, TX",Texas,"Washington, DC",Virginia,29.9843997955322,-95.3414001464844,38.8521,-77.037697
Mesa Airlines Inc.,DFW,HOU,9.559308719560095,713.0,-35.0,1273,"Houston, TX",Texas,"Dallas/Fort Worth, TX",Texas,29.64539909,-95.27890015,32.896801,-97.038002
Mesa Airlines Inc.,DFW,IAH,4.533333333333333,1060.0,-34.0,1065,"Houston, TX",Texas,"Dallas/Fort Worth, TX",Texas,29.9843997955322,-95.3414001464844,32.896801,-97.038002
Mesa Airlines Inc.,DSM,IAH,-7.0647482014388485,227.0,-40.0,278,"Houston, TX",Texas,"Des Moines, IA",Iowa,29.9843997955322,-95.3414001464844,41.5340003967285,-93.6631011962891
Mesa Airlines Inc.,DTW,IAH,-3.891891891891892,821.0,-59.0,444,"Houston, TX",Texas,"Detroit, MI",Michigan,29.9843997955322,-95.3414001464844,42.2123985290527,-83.353401184082
Mesa Airlines Inc.,ECP,IAH,-1.6264150943396227,884.0,-33.0,265,"Houston, TX",Texas,"Panama City, FL",Florida,29.9843997955322,-95.3414001464844,30.357106,-85.795414
Mesa Airlines Inc.,ELP,IAH,-2.3729016786570742,542.0,-35.0,834,"Houston, TX",Texas,"El Paso, TX",Texas,29.9843997955322,-95.3414001464844,31.80719948,-106.3779984
Mesa Airlines Inc.,EYW,IAH,-5.8,47.0,-27.0,15,"Houston, TX",Texas,"Key West, FL",Florida,29.9843997955322,-95.3414001464844,24.5561008453369,-81.7595977783203
Mesa Airlines Inc.,FLL,IAH,-21.555555555555557,2.0,-39.0,27,"Houston, TX",Texas,"Fort Lauderdale, FL",Florida,29.9843997955322,-95.3414001464844,26.072599,-80.152702
Mesa Airlines Inc.,GRR,IAH,-8.272727272727273,69.0,-46.0,44,"Houston, TX",Texas,"Grand Rapids, MI",Michigan,29.9843997955322,-95.3414001464844,42.88079834,-85.52279663
Mesa Airlines Inc.,GSP,IAH,-7.8567073170731705,186.0,-38.0,328,"Houston, TX",Texas,"Greer, SC",South Carolina,29.9843997955322,-95.3414001464844,34.8956985474,-82.2189025879
Mesa Airlines Inc.,GUC,IAH,-13.719101123595506,279.0,-47.0,89,"Houston, TX",Texas,"Gunnison, CO",Colorado,29.9843997955322,-95.3414001464844,38.53390121,-106.9329987
Mesa Airlines Inc.,HRL,IAH,-2.5284552845528454,653.0,-32.0,246,"Houston, TX",Texas,"Harlingen/San Benito, TX",Texas,29.9843997955322,-95.3414001464844,26.2285003662109,-97.6544036865234
Mesa Airlines Inc.,HSV,IAH,6.5046728971962615,182.0,-30.0,107,"Houston, TX",Texas,"Huntsville, AL",Alabama,29.9843997955322,-95.3414001464844,34.637199401855,-86.775100708008
Mesa Airlines Inc.,IAD,IAH,-12.577181208053691,337.0,-47.0,149,"Houston, TX",Texas,"Washington, DC",Virginia,29.9843997955322,-95.3414001464844,38.94449997,-77.45580292
Mesa Airlines Inc.,ICT,IAH,1.8347826086956522,334.0,-27.0,230,"Houston, TX",Texas,"Wichita, KS",Kansas,29.9843997955322,-95.3414001464844,37.649899,-97.433098
Mesa Airlines Inc.,IND,IAH,-5.644927536231884,323.0,-33.0,276,"Houston, TX",Texas,"Indianapolis, IN",Indiana,29.9843997955322,-95.3414001464844,39.7173,-86.294403
Mesa Airlines Inc.,JAN,IAH,-5.523809523809524,54.0,-26.0,42,"Houston, TX",Texas,"Jackson/Vicksburg, MS",Mississippi,29.9843997955322,-95.3414001464844,32.3111991882,-90.0758972168
Mesa Airlines Inc.,JAX,IAH,-5.051224944320713,253.0,-48.0,449,"Houston, TX",Texas,"Jacksonville, FL",Florida,29.9843997955322,-95.3414001464844,30.4941005706787,-81.6878967285156
Mesa Airlines Inc.,LBB,IAH,-7.111111111111111,12.0,-20.0,9,"Houston, TX",Texas,"Lubbock, TX",Texas,29.9843997955322,-95.3414001464844,33.663601,-101.822998
Mesa Airlines Inc.,LCH,IAH,-1.0740740740740742,65.0,-24.0,27,"Houston, TX",Texas,"Lake Charles, LA",Louisiana,29.9843997955322,-95.3414001464844,30.1261005401611,-93.2232971191406
Mesa Airlines Inc.,LFT,IAH,11.512820512820513,692.0,-26.0,78,"Houston, TX",Texas,"Lafayette, LA",Louisiana,29.9843997955322,-95.3414001464844,30.20529938,-91.98760223
Mesa Airlines Inc.,LGA,IAH,-10.857734806629834,421.0,-60.0,724,"Houston, TX",Texas,"New York, NY",New York,29.9843997955322,-95.3414001464844,40.77719879,-73.87259674
Mesa Airlines Inc.,LIT,IAH,-11.331460674157304,138.0,-36.0,178,"Houston, TX",Texas,"Little Rock, AR",Arkansas,29.9843997955322,-95.3414001464844,34.7294006348,-92.2242965698
Mesa Airlines Inc.,MAF,IAH,-4.556818181818182,500.0,-40.0,792,"Houston, TX",Texas,"Midland/Odessa, TX",Texas,29.9843997955322,-95.3414001464844,31.9424991607666,-102.202003479004
Mesa Airlines Inc.,MCI,IAH,-4.10091743119266,554.0,-42.0,654,"Houston, TX",Texas,"Kansas City, MO",Missouri,29.9843997955322,-95.3414001464844,39.2976,-94.713898
Mesa Airlines Inc.,MEM,IAH,-3.4657534246575343,631.0,-40.0,438,"Houston, TX",Texas,"Memphis, TN",Tennessee,29.9843997955322,-95.3414001464844,35.0424003601074,-89.9766998291016
Mesa Airlines Inc.,MFE,IAH,-3.632688927943761,231.0,-35.0,569,"Houston, TX",Texas,"Mission/McAllen/Edinburg, TX",Texas,29.9843997955322,-95.3414001464844,26.17580032,-98.23860168
Mesa Airlines Inc.,MIA,IAH,-7.8133333333333335,95.0,-27.0,75,"Houston, TX",Texas,"Miami, FL",Florida,29.9843997955322,-95.3414001464844,25.7931995391846,-80.2906036376953
Mesa Airlines Inc.,MKE,IAH,-10.866071428571429,53.0,-40.0,112,"Houston, TX",Texas,"Milwaukee, WI",Wisconsin,29.9843997955322,-95.3414001464844,42.9472007751465,-87.896598815918
Mesa Airlines Inc.,MOB,IAH,6.938931297709924,788.0,-27.0,131,"Houston, TX",Texas,"Mobile, AL",Alabama,29.9843997955322,-95.3414001464844,30.691200256348,-88.242797851562
Mesa Airlines Inc.,MSP,IAH,-5.9423076923076925,343.0,-39.0,520,"Houston, TX",Texas,"Minneapolis, MN",Minnesota,29.9843997955322,-95.3414001464844,44.882,-93.221802
Mesa Airlines Inc.,MSY,IAH,-3.6923076923076925,309.0,-31.0,416,"Houston, TX",Texas,"New Orleans, LA",Louisiana,29.9843997955322,-95.3414001464844,29.9934005737305,-90.2580032348633
Mesa Airlines Inc.,MTJ,IAH,-6.26984126984127,179.0,-40.0,126,"Houston, TX",Texas,"Montrose/Delta, CO",Colorado,29.9843997955322,-95.3414001464844,38.5097999573,-107.893997192
Mesa Airlines Inc.,OKC,IAH,-2.0868744098205854,1187.0,-30.0,1059,"Houston, TX",Texas,"Oklahoma City, OK",Oklahoma,29.9843997955322,-95.3414001464844,35.3931007385254,-97.600700378418
Mesa Airlines Inc.,OMA,IAH,-7.659279778393352,234.0,-37.0,361,"Houston, TX",Texas,"Omaha, NE",Nebraska,29.9843997955322,-95.3414001464844,41.3032,-95.894096
Mesa Airlines Inc.,ONT,IAH,-9.722466960352422,161.0,-39.0,227,"Houston, TX",Texas,"Ontario, CA",California,29.9843997955322,-95.3414001464844,34.0559997558594,-117.600997924805
Mesa Airlines Inc.,ORF,IAH,-3.4615384615384617,118.0,-47.0,130,"Houston, TX",Texas,"Norfolk, VA",Virginia,29.9843997955322,-95.3414001464844,36.8945999145508,-76.2012023925781
Mesa Airlines Inc.,PBI,IAH,-10.0,7.0,-21.0,9,"Houston, TX",Texas,"West Palm Beach/Palm Beach, FL",Florida,29.9843997955322,-95.3414001464844,26.6832008361816,-80.0955963134766
Mesa Airlines Inc.,PHL,IAH,-14.90356394129979,369.0,-64.0,477,"Houston, TX",Texas,"Philadelphia, PA",Pennsylvania,29.9843997955322,-95.3414001464844,39.871898651123,-75.241096496582
Mesa Airlines Inc.,PHX,IAH,-4.453825857519789,424.0,-46.0,379,"Houston, TX",Texas,"Phoenix, AZ",Arizona,29.9843997955322,-95.3414001464844,33.4342994689941,-112.012001037598
Mesa Airlines Inc.,PIT,IAH,-7.311627906976744,223.0,-37.0,430,"Houston, TX",Texas,"Pittsburgh, PA",Pennsylvania,29.9843997955322,-95.3414001464844,40.49150085,-80.23290253
Mesa Airlines Inc.,PNS,IAH,4.958158995815899,848.0,-32.0,478,"Houston, TX",Texas,"Pensacola, FL",Florida,29.9843997955322,-95.3414001464844,30.473400115967,-87.186599731445
Mesa Airlines Inc.,PSP,IAH,-2.4757281553398056,139.0,-42.0,103,"Houston, TX",Texas,"Palm Springs, CA",California,29.9843997955322,-95.3414001464844,33.8297004699707,-116.50700378418
Mesa Airlines Inc.,RAP,IAH,-19.0,-18.0,-20.0,2,"Houston, TX",Texas,"Rapid City, SD",South Dakota,29.9843997955322,-95.3414001464844,44.0452995300293,-103.056999206543
Mesa Airlines Inc.,RDU,IAH,-5.493096646942801,294.0,-43.0,507,"Houston, TX",Texas,"Raleigh/Durham, NC",North Carolina,29.9843997955322,-95.3414001464844,35.8776016235352,-78.7874984741211
Mesa Airlines Inc.,RIC,IAH,13.166666666666666,131.0,-18.0,12,"Houston, TX",Texas,"Richmond, VA",Virginia,29.9843997955322,-95.3414001464844,37.505199432373,-77.3197021484375
Mesa Airlines Inc.,RNO,IAH,-2.2551020408163267,229.0,-49.0,98,"Houston, TX",Texas,"Reno, NV",Nevada,29.9843997955322,-95.3414001464844,39.4990997314453,-119.767997741699
Mesa Airlines Inc.,RSW,IAH,-7.100591715976331,212.0,-36.0,169,"Houston, TX",Texas,"Fort Myers, FL",Florida,29.9843997955322,-95.3414001464844,26.5361995697021,-81.7552032470703
Mesa Airlines Inc.,SAN,IAH,-9.461538461538462,51.0,-35.0,13,"Houston, TX",Texas,"San Diego, CA",California,29.9843997955322,-95.3414001464844,32.7336006165,-117.190002441
Mesa Airlines Inc.,SAT,IAH,-3.271505376344086,243.0,-32.0,372,"Houston, TX",Texas,"San Antonio, TX",Texas,29.9843997955322,-95.3414001464844,29.5337009429932,-98.4698028564453
Mesa Airlines Inc.,SAV,IAH,-7.770226537216828,209.0,-43.0,309,"Houston, TX",Texas,"Savannah, GA",Georgia,29.9843997955322,-95.3414001464844,32.12760162,-81.20210266
Mesa Airlines Inc.,SDF,IAH,-8.668896321070234,300.0,-45.0,299,"Houston, TX",Texas,"Louisville, KY",Kentucky,29.9843997955322,-95.3414001464844,38.1744,-85.736
Mesa Airlines Inc.,SHV,IAH,10.714285714285714,171.0,-31.0,7,"Houston, TX",Texas,"Shreveport, LA",Louisiana,29.9843997955322,-95.3414001464844,32.446602,-93.8256
Mesa Airlines Inc.,SJC,IAH,-22.2,-1.0,-37.0,15,"Houston, TX",Texas,"San Jose, CA",California,29.9843997955322,-95.3414001464844,37.362598,-121.929001
Mesa Airlines Inc.,SLC,IAH,-5.366336633663367,304.0,-40.0,101,"Houston, TX",Texas,"Salt Lake City, UT",Utah,29.9843997955322,-95.3414001464844,40.7883987426758,-111.977996826172
Mesa Airlines Inc.,SMF,IAH,-5.0,1.0,-11.0,2,"Houston, TX",Texas,"Sacramento, CA",California,29.9843997955322,-95.3414001464844,38.6954002380371,-121.591003417969
Mesa Airlines Inc.,STL,IAH,-0.695067264573991,456.0,-34.0,223,"Houston, TX",Texas,"St. Louis, MO",Missouri,29.9843997955322,-95.3414001464844,38.748697,-90.370003
Mesa Airlines Inc.,TPA,IAH,-14.161290322580646,12.0,-33.0,31,"Houston, TX",Texas,"Tampa, FL",Florida,29.9843997955322,-95.3414001464844,27.9755001068115,-82.533203125
Mesa Airlines Inc.,TUL,IAH,-6.384279475982533,271.0,-35.0,458,"Houston, TX",Texas,"Tulsa, OK",Oklahoma,29.9843997955322,-95.3414001464844,36.1983985900879,-95.8880996704102
Mesa Airlines Inc.,TUS,IAH,-3.506142506142506,648.0,-41.0,407,"Houston, TX",Texas,"Tucson, AZ",Arizona,29.9843997955322,-95.3414001464844,32.1161003112793,-110.94100189209
Mesa Airlines Inc.,TYS,IAH,-1.8181818181818181,226.0,-35.0,44,"Houston, TX",Texas,"Knoxville, TN",Tennessee,29.9843997955322,-95.3414001464844,35.81100082,-83.9940033
Mesa Airlines Inc.,VPS,IAH,-10.208121827411167,92.0,-28.0,197,"Houston, TX",Texas,"Valparaiso, FL",Florida,29.9843997955322,-95.3414001464844,30.4832,-86.525398
Mesa Airlines Inc.,XNA,IAH,-9.081632653061224,233.0,-39.0,392,"Houston, TX",Texas,"Fayetteville, AR",Arkansas,29.9843997955322,-95.3414001464844,36.281898,-94.306801
PSA Airlines Inc.,CLT,IAH,-3.0,8.0,-13.0,7,"Houston, TX",Texas,"Charlotte, NC",North Carolina,29.9843997955322,-95.3414001464844,35.2140007019043,-80.9430999755859
Republic Airways,ATL,IAH,-3.381818181818182,161.0,-39.0,110,"Houston, TX",Texas,"Atlanta, GA",Georgia,29.9843997955322,-95.3414001464844,33.6367,-84.428101
Republic Airways,AUS,IAH,0.44285714285714284,175.0,-22.0,70,"Houston, TX",Texas,"Austin, TX",Texas,29.9843997955322,-95.3414001464844,30.1944999694824,-97.6698989868164
Republic Airways,BHM,IAH,-3.8444444444444446,102.0,-27.0,45,"Houston, TX",Texas,"Birmingham, AL",Alabama,29.9843997955322,-95.3414001464844,33.56290054,-86.75350189
Republic Airways,BNA,IAH,-6.285714285714286,16.0,-22.0,7,"Houston, TX",Texas,"Nashville, TN",Tennessee,29.9843997955322,-95.3414001464844,36.1245002746582,-86.6781997680664
Republic Airways,BRO,IAH,-5.777777777777778,34.0,-28.0,9,"Houston, TX",Texas,"Brownsville, TX",Texas,29.9843997955322,-95.3414001464844,25.9067993164062,-97.4259033203125
Republic Airways,BTR,IAH,-10.0,-7.0,-13.0,5,"Houston, TX",Texas,"Baton Rouge, LA",Louisiana,29.9843997955322,-95.3414001464844,30.533199,-91.149597
Republic Airways,CHS,IAH,0.04411764705882353,246.0,-30.0,68,"Houston, TX",Texas,"Charleston, SC",South Carolina,29.9843997955322,-95.3414001464844,32.89860153,-80.04049683
Republic Airways,CLE,IAH,14.272727272727273,162.0,-27.0,11,"Houston, TX",Texas,"Cleveland, OH",Ohio,29.9843997955322,-95.3414001464844,41.4117012024,-81.8498001099
Republic Airways,CLT,IAH,-15.486842105263158,128.0,-38.0,76,"Houston, TX",Texas,"Charlotte, NC",North Carolina,29.9843997955322,-95.3414001464844,35.2140007019043,-80.9430999755859
Republic Airways,CMH,IAH,-13.805970149253731,121.0,-42.0,67,"Houston, TX",Texas,"Columbus, OH",Ohio,29.9843997955322,-95.3414001464844,39.998001,-82.891899
Republic Airways,COS,IAH,-15.75,-2.0,-31.0,4,"Houston, TX",Texas,"Colorado Springs, CO",Colorado,29.9843997955322,-95.3414001464844,38.805801,-104.700996
Republic Airways,CRP,IAH,-6.0,31.0,-24.0,4,"Houston, TX",Texas,"Corpus Christi, TX",Texas,29.9843997955322,-95.3414001464844,27.7703990936279,-97.5011978149414
Republic Airways,CVG,IAH,-6.397849462365591,106.0,-39.0,93,"Houston, TX",Texas,"Cincinnati, OH",Kentucky,29.9843997955322,-95.3414001464844,39.0488014221,-84.6678009033
Republic Airways,DCA,IAH,-11.85,21.0,-32.0,40,"Houston, TX",Texas,"Washington, DC",Virginia,29.9843997955322,-95.3414001464844,38.8521,-77.037697
Republic Airways,DEN,IAH,-14.0,-14.0,-14.0,1,"Houston, TX",Texas,"Denver, CO",Colorado,29.9843997955322,-95.3414001464844,39.861698150635,-104.672996521
Republic Airways,DFW,IAH,-0.6323529411764706,179.0,-30.0,68,"Houston, TX",Texas,"Dallas/Fort Worth, TX",Texas,29.9843997955322,-95.3414001464844,32.896801,-97.038002
Republic Airways,DRO,IAH,-2.0,37.0,-30.0,11,"Houston, TX",Texas,"Durango, CO",Colorado,29.9843997955322,-95.3414001464844,37.1515007019,-107.753997803
Republic Airways,DSM,IAH,4.0,20.0,-12.0,2,"Houston, TX",Texas,"Des Moines, IA",Iowa,29.9843997955322,-95.3414001464844,41.5340003967285,-93.6631011962891
Republic Airways,DTW,IAH,-15.451219512195122,96.0,-50.0,82,"Houston, TX",Texas,"Detroit, MI",Michigan,29.9843997955322,-95.3414001464844,42.2123985290527,-83.353401184082
Republic Airways,ELP,IAH,-18.333333333333332,-10.0,-34.0,3,"Houston, TX",Texas,"El Paso, TX",Texas,29.9843997955322,-95.3414001464844,31.80719948,-106.3779984
Republic Airways,GRK,IAH,-8.666666666666666,1.0,-16.0,3,"Houston, TX",Texas,"Killeen, TX",Texas,29.9843997955322,-95.3414001464844,31.067199707,-97.8289031982
Republic Airways,GRR,IAH,-6.2682926829268295,64.0,-38.0,41,"Houston, TX",Texas,"Grand Rapids, MI",Michigan,29.9843997955322,-95.3414001464844,42.88079834,-85.52279663
Republic Airways,HRL,IAH,-7.708333333333333,58.0,-24.0,24,"Houston, TX",Texas,"Harlingen/San Benito, TX",Texas,29.9843997955322,-95.3414001464844,26.2285003662109,-97.6544036865234
Republic Airways,HSV,IAH,-13.153846153846153,20.0,-37.0,13,"Houston, TX",Texas,"Huntsville, AL",Alabama,29.9843997955322,-95.3414001464844,34.637199401855,-86.775100708008
Republic Airways,ICT,IAH,-10.596774193548388,48.0,-34.0,62,"Houston, TX",Texas,"Wichita, KS",Kansas,29.9843997955322,-95.3414001464844,37.649899,-97.433098
Republic Airways,IND,IAH,-11.992307692307692,201.0,-48.0,130,"Houston, TX",Texas,"Indianapolis, IN",Indiana,29.9843997955322,-95.3414001464844,39.7173,-86.294403
Republic Airways,JAX,IAH,-14.666666666666666,-9.0,-20.0,3,"Houston, TX",Texas,"Jacksonville, FL",Florida,29.9843997955322,-95.3414001464844,30.4941005706787,-81.6878967285156
Republic Airways,LFT,IAH,-0.08620689655172414,99.0,-32.0,58,"Houston, TX",Texas,"Lafayette, LA",Louisiana,29.9843997955322,-95.3414001464844,30.20529938,-91.98760223
Republic Airways,LIT,IAH,0.0,0.0,0.0,1,"Houston, TX",Texas,"Little Rock, AR",Arkansas,29.9843997955322,-95.3414001464844,34.7294006348,-92.2242965698
Republic Airways,MAF,IAH,-3.531073446327684,151.0,-29.0,177,"Houston, TX",Texas,"Midland/Odessa, TX",Texas,29.9843997955322,-95.3414001464844,31.9424991607666,-102.202003479004
Republic Airways,MCI,IAH,3.011627906976744,523.0,-42.0,86,"Houston, TX",Texas,"Kansas City, MO",Missouri,29.9843997955322,-95.3414001464844,39.2976,-94.713898
Republic Airways,MEM,IAH,-18.157894736842106,60.0,-39.0,38,"Houston, TX",Texas,"Memphis, TN",Tennessee,29.9843997955322,-95.3414001464844,35.0424003601074,-89.9766998291016
Republic Airways,MFE,IAH,-17.25,-15.0,-21.0,4,"Houston, TX",Texas,"Mission/McAllen/Edinburg, TX",Texas,29.9843997955322,-95.3414001464844,26.17580032,-98.23860168
Republic Airways,MIA,IAH,-8.789090909090909,177.0,-38.0,275,"Houston, TX",Texas,"Miami, FL",Florida,29.9843997955322,-95.3414001464844,25.7931995391846,-80.2906036376953
Republic Airways,MKE,IAH,-36.0,-36.0,-36.0,1,"Houston, TX",Texas,"Milwaukee, WI",Wisconsin,29.9843997955322,-95.3414001464844,42.9472007751465,-87.896598815918
Republic Airways,MSP,IAH,-7.185185185185185,136.0,-37.0,81,"Houston, TX",Texas,"Minneapolis, MN",Minnesota,29.9843997955322,-95.3414001464844,44.882,-93.221802
Republic Airways,MSY,IAH,-9.5,5.0,-24.0,4,"Houston, TX",Texas,"New Orleans, LA",Louisiana,29.9843997955322,-95.3414001464844,29.9934005737305,-90.2580032348633
Republic Airways,OKC,IAH,12.4,73.0,-20.0,5,"Houston, TX",Texas,"Oklahoma City, OK",Oklahoma,29.9843997955322,-95.3414001464844,35.3931007385254,-97.600700378418
Republic Airways,OMA,IAH,-9.285714285714286,19.0,-28.0,7,"Houston, TX",Texas,"Omaha, NE",Nebraska,29.9843997955322,-95.3414001464844,41.3032,-95.894096
Republic Airways,ORD,IAH,3.168141592920354,1121.0,-41.0,113,"Houston, TX",Texas,"Chicago, IL",Illinois,29.9843997955322,-95.3414001464844,41.9786,-87.9048
Republic Airways,ORF,IAH,7.666666666666667,19.0,-4.0,3,"Houston, TX",Texas,"Norfolk, VA",Virginia,29.9843997955322,-95.3414001464844,36.8945999145508,-76.2012023925781
Republic Airways,PBI,IAH,-3.0,11.0,-11.0,3,"Houston, TX",Texas,"West Palm Beach/Palm Beach, FL",Florida,29.9843997955322,-95.3414001464844,26.6832008361816,-80.0955963134766
Republic Airways,PHL,IAH,-10.138084632516703,429.0,-53.0,449,"Houston, TX",Texas,"Philadelphia, PA",Pennsylvania,29.9843997955322,-95.3414001464844,39.871898651123,-75.241096496582
Republic Airways,PIT,IAH,-6.5,467.0,-45.0,208,"Houston, TX",Texas,"Pittsburgh, PA",Pennsylvania,29.9843997955322,-95.3414001464844,40.49150085,-80.23290253
Republic Airways,PNS,IAH,-4.333333333333333,6.0,-13.0,3,"Houston, TX",Texas,"Pensacola, FL",Florida,29.9843997955322,-95.3414001464844,30.473400115967,-87.186599731445
Republic Airways,RDU,IAH,-15.945945945945946,107.0,-53.0,111,"Houston, TX",Texas,"Raleigh/Durham, NC",North Carolina,29.9843997955322,-95.3414001464844,35.8776016235352,-78.7874984741211
Republic Airways,RSW,IAH,0.0,0.0,0.0,1,"Houston, TX",Texas,"Fort Myers, FL",Florida,29.9843997955322,-95.3414001464844,26.5361995697021,-81.7552032470703
Republic Airways,SAT,IAH,51.0,100.0,2.0,2,"Houston, TX",Texas,"San Antonio, TX",Texas,29.9843997955322,-95.3414001464844,29.5337009429932,-98.4698028564453
Republic Airways,SAV,IAH,-4.0,-4.0,-4.0,1,"Houston, TX",Texas,"Savannah, GA",Georgia,29.9843997955322,-95.3414001464844,32.12760162,-81.20210266
Republic Airways,SDF,IAH,-5.323529411764706,651.0,-48.0,102,"Houston, TX",Texas,"Louisville, KY",Kentucky,29.9843997955322,-95.3414001464844,38.1744,-85.736
Republic Airways,SLC,IAH,-15.4,-8.0,-26.0,5,"Houston, TX",Texas,"Salt Lake City, UT",Utah,29.9843997955322,-95.3414001464844,40.7883987426758,-111.977996826172
Republic Airways,STL,IAH,-10.62,60.0,-38.0,50,"Houston, TX",Texas,"St. Louis, MO",Missouri,29.9843997955322,-95.3414001464844,38.748697,-90.370003
Republic Airways,TUL,IAH,-3.1,98.0,-23.0,30,"Houston, TX",Texas,"Tulsa, OK",Oklahoma,29.9843997955322,-95.3414001464844,36.1983985900879,-95.8880996704102
Republic Airways,XNA,IAH,-6.4,45.0,-29.0,80,"Houston, TX",Texas,"Fayetteville, AR",Arkansas,29.9843997955322,-95.3414001464844,36.281898,-94.306801
SkyWest Airlines Inc.,ABI,IAH,-14.669117647058824,744.0,-42.0,136,"Houston, TX",Texas,"Abilene, TX",Texas,29.9843997955322,-95.3414001464844,32.4113006592,-99.6819000244
SkyWest Airlines Inc.,ABQ,IAH,-3.8558823529411765,216.0,-41.0,340,"Houston, TX",Texas,"Albuquerque, NM",New Mexico,29.9843997955322,-95.3414001464844,35.040199,-106.609001
SkyWest Airlines Inc.,AEX,IAH,-6.085889570552148,132.0,-27.0,163,"Houston, TX",Texas,"Alexandria, LA",Louisiana,29.9843997955322,-95.3414001464844,31.3274002075195,-92.5497970581055
SkyWest Airlines Inc.,AMA,IAH,4.218181818181818,179.0,-26.0,55,"Houston, TX",Texas,"Amarillo, TX",Texas,29.9843997955322,-95.3414001464844,35.219398,-101.706001
SkyWest Airlines Inc.,ASE,IAH,17.153333333333332,821.0,-49.0,300,"Houston, TX",Texas,"Aspen, CO",Colorado,29.9843997955322,-95.3414001464844,39.22320175,-106.8690033
SkyWest Airlines Inc.,ATL,IAH,-3.7533875338753386,278.0,-36.0,369,"Houston, TX",Texas,"Atlanta, GA",Georgia,29.9843997955322,-95.3414001464844,33.6367,-84.428101
SkyWest Airlines Inc.,AUS,IAH,3.0,37.0,-15.0,5,"Houston, TX",Texas,"Austin, TX",Texas,29.9843997955322,-95.3414001464844,30.1944999694824,-97.6698989868164
SkyWest Airlines Inc.,BDL,IAH,-24.0,-24.0,-24.0,1,"Houston, TX",Texas,"Hartford, CT",Connecticut,29.9843997955322,-95.3414001464844,41.9388999939,-72.6831970215
SkyWest Airlines Inc.,BHM,IAH,2.3198380566801617,296.0,-38.0,247,"Houston, TX",Texas,"Birmingham, AL",Alabama,29.9843997955322,-95.3414001464844,33.56290054,-86.75350189
SkyWest Airlines Inc.,BNA,IAH,-0.7071713147410359,368.0,-38.0,502,"Houston, TX",Texas,"Nashville, TN",Tennessee,29.9843997955322,-95.3414001464844,36.1245002746582,-86.6781997680664
SkyWest Airlines Inc.,BOI,IAH,-9.159722222222221,161.0,-53.0,144,"Houston, TX",Texas,"Boise, ID",Idaho,29.9843997955322,-95.3414001464844,43.5644,-116.223
SkyWest Airlines Inc.,BOS,IAH,-17.06896551724138,29.0,-38.0,29,"Houston, TX",Texas,"Boston, MA",Massachusetts,29.9843997955322,-95.3414001464844,42.36429977,-71.00520325
SkyWest Airlines Inc.,BRO,IAH,-3.1724137931034484,662.0,-28.0,203,"Houston, TX",Texas,"Brownsville, TX",Texas,29.9843997955322,-95.3414001464844,25.9067993164062,-97.4259033203125
SkyWest Airlines Inc.,BTR,IAH,-1.8504672897196262,720.0,-30.0,107,"Houston, TX",Texas,"Baton Rouge, LA",Louisiana,29.9843997955322,-95.3414001464844,30.533199,-91.149597
SkyWest Airlines Inc.,CHA,IAH,-14.677777777777777,60.0,-33.0,90,"Houston, TX",Texas,"Chattanooga, TN",Tennessee,29.9843997955322,-95.3414001464844,35.0353012084961,-85.2037963867188
SkyWest Airlines Inc.,CHS,IAH,-20.666666666666668,0.0,-34.0,3,"Houston, TX",Texas,"Charleston, SC",South Carolina,29.9843997955322,-95.3414001464844,32.89860153,-80.04049683
SkyWest Airlines Inc.,CLL,IAH,-10.267080745341614,60.0,-26.0,161,"Houston, TX",Texas,"College Station/Bryan, TX",Texas,29.9843997955322,-95.3414001464844,30.58860016,-96.36380005
SkyWest Airlines Inc.,CLT,IAH,-5.933962264150943,152.0,-49.0,106,"Houston, TX",Texas,"Charlotte, NC",North Carolina,29.9843997955322,-95.3414001464844,35.2140007019043,-80.9430999755859
SkyWest Airlines Inc.,CMH,IAH,56.0,98.0,14.0,2,"Houston, TX",Texas,"Columbus, OH",Ohio,29.9843997955322,-95.3414001464844,39.998001,-82.891899
SkyWest Airlines Inc.,COS,IAH,-1.9639423076923077,794.0,-50.0,416,"Houston, TX",Texas,"Colorado Springs, CO",Colorado,29.9843997955322,-95.3414001464844,38.805801,-104.700996
SkyWest Airlines Inc.,CRP,IAH,3.1904761904761907,89.0,-15.0,21,"Houston, TX",Texas,"Corpus Christi, TX",Texas,29.9843997955322,-95.3414001464844,27.7703990936279,-97.5011978149414
SkyWest Airlines Inc.,CVG,IAH,-4.745901639344262,368.0,-41.0,122,"Houston, TX",Texas,"Cincinnati, OH",Kentucky,29.9843997955322,-95.3414001464844,39.0488014221,-84.6678009033
SkyWest Airlines Inc.,DAY,IAH,9.0,9.0,9.0,1,"Houston, TX",Texas,"Dayton, OH",Ohio,29.9843997955322,-95.3414001464844,39.902400970459,-84.2193984985352
SkyWest Airlines Inc.,DCA,IAH,-6.24468085106383,230.0,-36.0,188,"Houston, TX",Texas,"Washington, DC",Virginia,29.9843997955322,-95.3414001464844,38.8521,-77.037697
SkyWest Airlines Inc.,DFW,HOU,2.2123893805309733,139.0,-27.0,113,"Houston, TX",Texas,"Dallas/Fort Worth, TX",Texas,29.64539909,-95.27890015,32.896801,-97.038002
SkyWest Airlines Inc.,DFW,IAH,6.559670781893004,1003.0,-34.0,243,"Houston, TX",Texas,"Dallas/Fort Worth, TX",Texas,29.9843997955322,-95.3414001464844,32.896801,-97.038002
SkyWest Airlines Inc.,DSM,IAH,9.829787234042554,195.0,-32.0,94,"Houston, TX",Texas,"Des Moines, IA",Iowa,29.9843997955322,-95.3414001464844,41.5340003967285,-93.6631011962891
SkyWest Airlines Inc.,DTW,IAH,-0.34604651162790695,1027.0,-43.0,1075,"Houston, TX",Texas,"Detroit, MI",Michigan,29.9843997955322,-95.3414001464844,42.2123985290527,-83.353401184082
SkyWest Airlines Inc.,ECP,IAH,-13.375,9.0,-30.0,16,"Houston, TX",Texas,"Panama City, FL",Florida,29.9843997955322,-95.3414001464844,30.357106,-85.795414
SkyWest Airlines Inc.,ELP,IAH,2.4661016949152543,108.0,-26.0,118,"Houston, TX",Texas,"El Paso, TX",Texas,29.9843997955322,-95.3414001464844,31.80719948,-106.3779984
SkyWest Airlines Inc.,GPT,IAH,6.338709677419355,876.0,-28.0,62,"Houston, TX",Texas,"Gulfport/Biloxi, MS",Mississippi,29.9843997955322,-95.3414001464844,30.4073009490967,-89.0700988769531
SkyWest Airlines Inc.,GRK,IAH,-11.444444444444445,10.0,-25.0,45,"Houston, TX",Texas,"Killeen, TX",Texas,29.9843997955322,-95.3414001464844,31.067199707,-97.8289031982
SkyWest Airlines Inc.,GRR,IAH,-5.447368421052632,36.0,-38.0,38,"Houston, TX",Texas,"Grand Rapids, MI",Michigan,29.9843997955322,-95.3414001464844,42.88079834,-85.52279663
SkyWest Airlines Inc.,GSP,IAH,19.333333333333332,189.0,-26.0,39,"Houston, TX",Texas,"Greer, SC",South Carolina,29.9843997955322,-95.3414001464844,34.8956985474,-82.2189025879
SkyWest Airlines Inc.,HOB,IAH,21.5,954.0,-30.0,198,"Houston, TX",Texas,"Hobbs, NM",New Mexico,29.9843997955322,-95.3414001464844,32.6875,-103.2170029
SkyWest Airlines Inc.,HRL,IAH,-1.2866666666666666,742.0,-31.0,150,"Houston, TX",Texas,"Harlingen/San Benito, TX",Texas,29.9843997955322,-95.3414001464844,26.2285003662109,-97.6544036865234
SkyWest Airlines Inc.,HSV,IAH,0.5632911392405063,350.0,-34.0,158,"Houston, TX",Texas,"Huntsville, AL",Alabama,29.9843997955322,-95.3414001464844,34.637199401855,-86.775100708008
SkyWest Airlines Inc.,ICT,IAH,-0.84593837535014,786.0,-35.0,357,"Houston, TX",Texas,"Wichita, KS",Kansas,29.9843997955322,-95.3414001464844,37.649899,-97.433098
SkyWest Airlines Inc.,IND,IAH,-7.1525423728813555,39.0,-37.0,118,"Houston, TX",Texas,"Indianapolis, IN",Indiana,29.9843997955322,-95.3414001464844,39.7173,-86.294403
SkyWest Airlines Inc.,JAN,IAH,4.425339366515837,393.0,-29.0,221,"Houston, TX",Texas,"Jackson/Vicksburg, MS",Mississippi,29.9843997955322,-95.3414001464844,32.3111991882,-90.0758972168
SkyWest Airlines Inc.,JAX,IAH,-5.6,17.0,-20.0,5,"Houston, TX",Texas,"Jacksonville, FL",Florida,29.9843997955322,-95.3414001464844,30.4941005706787,-81.6878967285156
SkyWest Airlines Inc.,LBB,IAH,2.107843137254902,790.0,-32.0,306,"Houston, TX",Texas,"Lubbock, TX",Texas,29.9843997955322,-95.3414001464844,33.663601,-101.822998
SkyWest Airlines Inc.,LCH,IAH,12.139705882352942,811.0,-26.0,136,"Houston, TX",Texas,"Lake Charles, LA",Louisiana,29.9843997955322,-95.3414001464844,30.1261005401611,-93.2232971191406
SkyWest Airlines Inc.,LEX,IAH,-5.25,60.0,-33.0,4,"Houston, TX",Texas,"Lexington, KY",Kentucky,29.9843997955322,-95.3414001464844,38.0364990234375,-84.6059036254883
SkyWest Airlines Inc.,LFT,IAH,14.101449275362318,251.0,-22.0,69,"Houston, TX",Texas,"Lafayette, LA",Louisiana,29.9843997955322,-95.3414001464844,30.20529938,-91.98760223
SkyWest Airlines Inc.,LGA,IAH,-18.32,22.0,-42.0,25,"Houston, TX",Texas,"New York, NY",New York,29.9843997955322,-95.3414001464844,40.77719879,-73.87259674
SkyWest Airlines Inc.,LIT,IAH,-2.745928338762215,216.0,-37.0,307,"Houston, TX",Texas,"Little Rock, AR",Arkansas,29.9843997955322,-95.3414001464844,34.7294006348,-92.2242965698
SkyWest Airlines Inc.,LRD,IAH,-0.14093959731543623,144.0,-23.0,149,"Houston, TX",Texas,"Laredo, TX",Texas,29.9843997955322,-95.3414001464844,27.5438003540039,-99.4616012573242
SkyWest Airlines Inc.,MAF,IAH,-1.0333333333333334,214.0,-30.0,120,"Houston, TX",Texas,"Midland/Odessa, TX",Texas,29.9843997955322,-95.3414001464844,31.9424991607666,-102.202003479004
SkyWest Airlines Inc.,MCI,IAH,4.14,1036.0,-37.0,250,"Houston, TX",Texas,"Kansas City, MO",Missouri,29.9843997955322,-95.3414001464844,39.2976,-94.713898
SkyWest Airlines Inc.,MEI,IAH,-4.496794871794871,880.0,-46.0,312,"Houston, TX",Texas,"Meridian, MS",Mississippi,29.9843997955322,-95.3414001464844,32.3325996398926,-88.7518997192383
SkyWest Airlines Inc.,MEM,IAH,3.2777777777777777,851.0,-33.0,198,"Houston, TX",Texas,"Memphis, TN",Tennessee,29.9843997955322,-95.3414001464844,35.0424003601074,-89.9766998291016
SkyWest Airlines Inc.,MFE,IAH,-3.0392156862745097,96.0,-28.0,51,"Houston, TX",Texas,"Mission/McAllen/Edinburg, TX",Texas,29.9843997955322,-95.3414001464844,26.17580032,-98.23860168
SkyWest Airlines Inc.,MKE,IAH,-7.0119760479041915,184.0,-52.0,167,"Houston, TX",Texas,"Milwaukee, WI",Wisconsin,29.9843997955322,-95.3414001464844,42.9472007751465,-87.896598815918
SkyWest Airlines Inc.,MLU,IAH,-9.48314606741573,91.0,-24.0,89,"Houston, TX",Texas,"Monroe, LA",Louisiana,29.9843997955322,-95.3414001464844,32.5108985900879,-92.0376968383789
SkyWest Airlines Inc.,MOB,IAH,8.833333333333334,109.0,-18.0,12,"Houston, TX",Texas,"Mobile, AL",Alabama,29.9843997955322,-95.3414001464844,30.691200256348,-88.242797851562
SkyWest Airlines Inc.,MSP,IAH,-3.786085150571132,1003.0,-59.0,963,"Houston, TX",Texas,"Minneapolis, MN",Minnesota,29.9843997955322,-95.3414001464844,44.882,-93.221802
SkyWest Airlines Inc.,MSY,IAH,-12.666666666666666,-1.0,-28.0,3,"Houston, TX",Texas,"New Orleans, LA",Louisiana,29.9843997955322,-95.3414001464844,29.9934005737305,-90.2580032348633
SkyWest Airlines Inc.,MTJ,IAH,12.0,12.0,12.0,1,"Houston, TX",Texas,"Montrose/Delta, CO",Colorado,29.9843997955322,-95.3414001464844,38.5097999573,-107.893997192
SkyWest Airlines Inc.,OKC,IAH,-1.1283185840707965,156.0,-33.0,226,"Houston, TX",Texas,"Oklahoma City, OK",Oklahoma,29.9843997955322,-95.3414001464844,35.3931007385254,-97.600700378418
SkyWest Airlines Inc.,OMA,IAH,-4.088235294117647,54.0,-28.0,34,"Houston, TX",Texas,"Omaha, NE",Nebraska,29.9843997955322,-95.3414001464844,41.3032,-95.894096
SkyWest Airlines Inc.,ORF,IAH,-10.0,-10.0,-10.0,1,"Houston, TX",Texas,"Norfolk, VA",Virginia,29.9843997955322,-95.3414001464844,36.8945999145508,-76.2012023925781
SkyWest Airlines Inc.,PHX,IAH,-4.556521739130435,302.0,-40.0,345,"Houston, TX",Texas,"Phoenix, AZ",Arizona,29.9843997955322,-95.3414001464844,33.4342994689941,-112.012001037598
SkyWest Airlines Inc.,PIB,IAH,0.9514563106796117,1071.0,-38.0,309,"Houston, TX",Texas,"Hattiesburg/Laurel, MS",Mississippi,29.9843997955322,-95.3414001464844,31.4671001434326,-89.3370971679688
SkyWest Airlines Inc.,PIT,IAH,-1.0,1.0,-3.0,2,"Houston, TX",Texas,"Pittsburgh, PA",Pennsylvania,29.9843997955322,-95.3414001464844,40.49150085,-80.23290253
SkyWest Airlines Inc.,PNS,IAH,-3.657142857142857,159.0,-24.0,35,"Houston, TX",Texas,"Pensacola, FL",Florida,29.9843997955322,-95.3414001464844,30.473400115967,-87.186599731445
SkyWest Airlines Inc.,PSP,IAH,7.730263157894737,326.0,-41.0,152,"Houston, TX",Texas,"Palm Springs, CA",California,29.9843997955322,-95.3414001464844,33.8297004699707,-116.50700378418
SkyWest Airlines Inc.,RDU,IAH,-18.0,-4.0,-33.0,11,"Houston, TX",Texas,"Raleigh/Durham, NC",North Carolina,29.9843997955322,-95.3414001464844,35.8776016235352,-78.7874984741211
SkyWest Airlines Inc.,RIC,IAH,-0.5294117647058824,23.0,-22.0,17,"Houston, TX",Texas,"Richmond, VA",Virginia,29.9843997955322,-95.3414001464844,37.505199432373,-77.3197021484375
SkyWest Airlines Inc.,RNO,IAH,14.0,40.0,-8.0,6,"Houston, TX",Texas,"Reno, NV",Nevada,29.9843997955322,-95.3414001464844,39.4990997314453,-119.767997741699
SkyWest Airlines Inc.,RSW,IAH,-12.0,-12.0,-12.0,1,"Houston, TX",Texas,"Fort Myers, FL",Florida,29.9843997955322,-95.3414001464844,26.5361995697021,-81.7552032470703
SkyWest Airlines Inc.,SAN,IAH,-6.785714285714286,114.0,-28.0,28,"Houston, TX",Texas,"San Diego, CA",California,29.9843997955322,-95.3414001464844,32.7336006165,-117.190002441
SkyWest Airlines Inc.,SAT,IAH,-6.326086956521739,161.0,-26.0,92,"Houston, TX",Texas,"San Antonio, TX",Texas,29.9843997955322,-95.3414001464844,29.5337009429932,-98.4698028564453
SkyWest Airlines Inc.,SAV,IAH,33.57142857142857,300.0,-26.0,14,"Houston, TX",Texas,"Savannah, GA",Georgia,29.9843997955322,-95.3414001464844,32.12760162,-81.20210266
SkyWest Airlines Inc.,SGF,IAH,5.972222222222222,139.0,-28.0,72,"Houston, TX",Texas,"Springfield, MO",Missouri,29.9843997955322,-95.3414001464844,37.24570084,-93.38860321
SkyWest Airlines Inc.,SHV,IAH,1.244343891402715,223.0,-31.0,221,"Houston, TX",Texas,"Shreveport, LA",Louisiana,29.9843997955322,-95.3414001464844,32.446602,-93.8256
SkyWest Airlines Inc.,SJC,IAH,2.9814814814814814,102.0,-25.0,54,"Houston, TX",Texas,"San Jose, CA",California,29.9843997955322,-95.3414001464844,37.362598,-121.929001
SkyWest Airlines Inc.,SLC,IAH,-0.907928388746803,1170.0,-46.0,391,"Houston, TX",Texas,"Salt Lake City, UT",Utah,29.9843997955322,-95.3414001464844,40.7883987426758,-111.977996826172
SkyWest Airlines Inc.,SMF,IAH,-13.333333333333334,45.0,-37.0,33,"Houston, TX",Texas,"Sacramento, CA",California,29.9843997955322,-95.3414001464844,38.6954002380371,-121.591003417969
SkyWest Airlines Inc.,STL,IAH,2.493273542600897,1040.0,-36.0,223,"Houston, TX",Texas,"St. Louis, MO",Missouri,29.9843997955322,-95.3414001464844,38.748697,-90.370003
SkyWest Airlines Inc.,TLH,IAH,-6.642857142857143,89.0,-32.0,42,"Houston, TX",Texas,"Tallahassee, FL",Florida,29.9843997955322,-95.3414001464844,30.3964996337891,-84.3503036499023
SkyWest Airlines Inc.,TUL,IAH,1.6065573770491803,261.0,-35.0,183,"Houston, TX",Texas,"Tulsa, OK",Oklahoma,29.9843997955322,-95.3414001464844,36.1983985900879,-95.8880996704102
SkyWest Airlines Inc.,TUS,IAH,-2.1609756097560977,758.0,-37.0,205,"Houston, TX",Texas,"Tucson, AZ",Arizona,29.9843997955322,-95.3414001464844,32.1161003112793,-110.94100189209
SkyWest Airlines Inc.,TYS,IAH,4.5,322.0,-32.0,32,"Houston, TX",Texas,"Knoxville, TN",Tennessee,29.9843997955322,-95.3414001464844,35.81100082,-83.9940033
SkyWest Airlines Inc.,VCT,IAH,-9.886363636363637,844.0,-54.0,88,"Houston, TX",Texas,"Victoria, TX",Texas,29.9843997955322,-95.3414001464844,28.8526000976562,-96.9185028076172
SkyWest Airlines Inc.,VPS,IAH,-3.48,10.0,-17.0,25,"Houston, TX",Texas,"Valparaiso, FL",Florida,29.9843997955322,-95.3414001464844,30.4832,-86.525398
SkyWest Airlines Inc.,XNA,IAH,0.2986111111111111,235.0,-38.0,144,"Houston, TX",Texas,"Fayetteville, AR",Arkansas,29.9843997955322,-95.3414001464844,36.281898,-94.306801
Southwest Airlines Co.,ABQ,HOU,-5.396875,104.0,-31.0,320,"Houston, TX",Texas,"Albuquerque, NM",New Mexico,29.64539909,-95.27890015,35.040199,-106.609001
Southwest Airlines Co.,AMA,HOU,-11.352941176470589,7.0,-22.0,17,"Houston, TX",Texas,"Amarillo, TX",Texas,29.64539909,-95.27890015,35.219398,-101.706001
Southwest Airlines Co.,ATL,HOU,-8.560704960835508,244.0,-40.0,1532,"Houston, TX",Texas,"Atlanta, GA",Georgia,29.64539909,-95.27890015,33.6367,-84.428101
Southwest Airlines Co.,AUS,HOU,-6.029464285714286,130.0,-33.0,1120,"Houston, TX",Texas,"Austin, TX",Texas,29.64539909,-95.27890015,30.1944999694824,-97.6698989868164
Southwest Airlines Co.,BHM,HOU,-7.52755905511811,68.0,-31.0,254,"Houston, TX",Texas,"Birmingham, AL",Alabama,29.64539909,-95.27890015,33.56290054,-86.75350189
Southwest Airlines Co.,BNA,HOU,-6.84070796460177,140.0,-36.0,1130,"Houston, TX",Texas,"Nashville, TN",Tennessee,29.64539909,-95.27890015,36.1245002746582,-86.6781997680664
Southwest Airlines Co.,BOS,HOU,-13.36734693877551,78.0,-55.0,49,"Houston, TX",Texas,"Boston, MA",Massachusetts,29.64539909,-95.27890015,42.36429977,-71.00520325
Southwest Airlines Co.,BUR,HOU,-7.072289156626506,104.0,-39.0,83,"Houston, TX",Texas,"Burbank, CA",California,29.64539909,-95.27890015,34.2006988525391,-118.359001159668
Southwest Airlines Co.,BWI,HOU,-6.322784810126582,119.0,-52.0,1106,"Houston, TX",Texas,"Baltimore, MD",Maryland,29.64539909,-95.27890015,39.1754,-76.668297
Southwest Airlines Co.,CHS,HOU,-6.018691588785047,81.0,-33.0,107,"Houston, TX",Texas,"Charleston, SC",South Carolina,29.64539909,-95.27890015,32.89860153,-80.04049683
Southwest Airlines Co.,CLE,HOU,-0.5,38.0,-21.0,6,"Houston, TX",Texas,"Cleveland, OH",Ohio,29.64539909,-95.27890015,41.4117012024,-81.8498001099
Southwest Airlines Co.,CLT,HOU,-7.897810218978102,115.0,-38.0,137,"Houston, TX",Texas,"Charlotte, NC",North Carolina,29.64539909,-95.27890015,35.2140007019043,-80.9430999755859
Southwest Airlines Co.,CMH,HOU,-2.4521739130434783,173.0,-32.0,230,"Houston, TX",Texas,"Columbus, OH",Ohio,29.64539909,-95.27890015,39.998001,-82.891899
Southwest Airlines Co.,CRP,HOU,-8.519859813084112,175.0,-40.0,856,"Houston, TX",Texas,"Corpus Christi, TX",Texas,29.64539909,-95.27890015,27.7703990936279,-97.5011978149414
Southwest Airlines Co.,CVG,HOU,7.888888888888889,136.0,-18.0,27,"Houston, TX",Texas,"Cincinnati, OH",Kentucky,29.64539909,-95.27890015,39.0488014221,-84.6678009033
Southwest Airlines Co.,DAL,HOU,-7.784676354029062,352.0,-33.0,3785,"Houston, TX",Texas,"Dallas, TX",Texas,29.64539909,-95.27890015,32.847099,-96.851799
Southwest Airlines Co.,DCA,HOU,-10.584269662921349,119.0,-47.0,445,"Houston, TX",Texas,"Washington, DC",Virginia,29.64539909,-95.27890015,38.8521,-77.037697
Southwest Airlines Co.,DEN,HOU,-8.087669948429442,186.0,-52.0,2133,"Houston, TX",Texas,"Denver, CO",Colorado,29.64539909,-95.27890015,39.861698150635,-104.672996521
Southwest Airlines Co.,DTW,HOU,-23.571428571428573,-16.0,-34.0,7,"Houston, TX",Texas,"Detroit, MI",Michigan,29.64539909,-95.27890015,42.2123985290527,-83.353401184082
Southwest Airlines Co.,ECP,HOU,-5.339321357285429,211.0,-30.0,501,"Houston, TX",Texas,"Panama City, FL",Florida,29.64539909,-95.27890015,30.357106,-85.795414
Southwest Airlines Co.,ELP,HOU,-2.901098901098901,159.0,-29.0,546,"Houston, TX",Texas,"El Paso, TX",Texas,29.64539909,-95.27890015,31.80719948,-106.3779984
Southwest Airlines Co.,FLL,HOU,-8.933136676499508,224.0,-38.0,1017,"Houston, TX",Texas,"Fort Lauderdale, FL",Florida,29.64539909,-95.27890015,26.072599,-80.152702
Southwest Airlines Co.,GSP,HOU,-9.142857142857142,13.0,-19.0,28,"Houston, TX",Texas,"Greer, SC",South Carolina,29.64539909,-95.27890015,34.8956985474,-82.2189025879
Southwest Airlines Co.,HRL,HOU,-6.356404958677686,170.0,-26.0,968,"Houston, TX",Texas,"Harlingen/San Benito, TX",Texas,29.64539909,-95.27890015,26.2285003662109,-97.6544036865234
Southwest Airlines Co.,ICT,HOU,-11.714285714285714,16.0,-26.0,7,"Houston, TX",Texas,"Wichita, KS",Kansas,29.64539909,-95.27890015,37.649899,-97.433098
Southwest Airlines Co.,IND,HOU,-8.403125,105.0,-37.0,320,"Houston, TX",Texas,"Indianapolis, IN",Indiana,29.64539909,-95.27890015,39.7173,-86.294403
Southwest Airlines Co.,JAX,HOU,-5.850632911392405,149.0,-42.0,395,"Houston, TX",Texas,"Jacksonville, FL",Florida,29.64539909,-95.27890015,30.4941005706787,-81.6878967285156
Southwest Airlines Co.,LAS,HOU,-5.713467048710601,233.0,-39.0,1396,"Houston, TX",Texas,"Las Vegas, NV",Nevada,29.64539909,-95.27890015,36.08010101,-115.1520004
Southwest Airlines Co.,LAX,HOU,-7.981742738589212,409.0,-53.0,1205,"Houston, TX",Texas,"Los Angeles, CA",California,29.64539909,-95.27890015,33.94250107,-118.4079971
Southwest Airlines Co.,LBB,HOU,-6.729166666666667,63.0,-25.0,48,"Houston, TX",Texas,"Lubbock, TX",Texas,29.64539909,-95.27890015,33.663601,-101.822998
Southwest Airlines Co.,LGA,HOU,-9.738916256157635,196.0,-55.0,406,"Houston, TX",Texas,"New York, NY",New York,29.64539909,-95.27890015,40.77719879,-73.87259674
Southwest Airlines Co.,LIT,HOU,-18.5,43.0,-39.0,84,"Houston, TX",Texas,"Little Rock, AR",Arkansas,29.64539909,-95.27890015,34.7294006348,-92.2242965698
Southwest Airlines Co.,MAF,HOU,-5.8805555555555555,129.0,-26.0,720,"Houston, TX",Texas,"Midland/Odessa, TX",Texas,29.64539909,-95.27890015,31.9424991607666,-102.202003479004
Southwest Airlines Co.,MCI,HOU,-4.498181818181818,160.0,-32.0,550,"Houston, TX",Texas,"Kansas City, MO",Missouri,29.64539909,-95.27890015,39.2976,-94.713898
Southwest Airlines Co.,MCO,HOU,-8.408402203856749,207.0,-39.0,1452,"Houston, TX",Texas,"Orlando, FL",Florida,29.64539909,-95.27890015,28.4293994903564,-81.3089981079102
Southwest Airlines Co.,MDW,HOU,-6.114491150442478,212.0,-37.0,1808,"Houston, TX",Texas,"Chicago, IL",Illinois,29.64539909,-95.27890015,41.785999,-87.752403
Southwest Airlines Co.,MEM,HOU,-6.479553903345725,149.0,-36.0,269,"Houston, TX",Texas,"Memphis, TN",Tennessee,29.64539909,-95.27890015,35.0424003601074,-89.9766998291016
Southwest Airlines Co.,MIA,HOU,-3.100591715976331,138.0,-25.0,169,"Houston, TX",Texas,"Miami, FL",Florida,29.64539909,-95.27890015,25.7931995391846,-80.2906036376953
Southwest Airlines Co.,MKE,HOU,-4.375,74.0,-33.0,208,"Houston, TX",Texas,"Milwaukee, WI",Wisconsin,29.64539909,-95.27890015,42.9472007751465,-87.896598815918
Southwest Airlines Co.,MSY,HOU,-6.150063856960409,352.0,-30.0,1566,"Houston, TX",Texas,"New Orleans, LA",Louisiana,29.64539909,-95.27890015,29.9934005737305,-90.2580032348633
Southwest Airlines Co.,OAK,HOU,-5.92479674796748,207.0,-36.0,492,"Houston, TX",Texas,"Oakland, CA",California,29.64539909,-95.27890015,37.721298,-122.221001
Southwest Airlines Co.,OKC,HOU,-5.207920792079208,206.0,-29.0,1111,"Houston, TX",Texas,"Oklahoma City, OK",Oklahoma,29.64539909,-95.27890015,35.3931007385254,-97.600700378418
Southwest Airlines Co.,OMA,HOU,-7.256578947368421,109.0,-43.0,152,"Houston, TX",Texas,"Omaha, NE",Nebraska,29.64539909,-95.27890015,41.3032,-95.894096
Southwest Airlines Co.,ONT,HOU,-5.5625,47.0,-25.0,32,"Houston, TX",Texas,"Ontario, CA",California,29.64539909,-95.27890015,34.0559997558594,-117.600997924805
Southwest Airlines Co.,PHL,HOU,-22.444444444444443,-10.0,-33.0,9,"Houston, TX",Texas,"Philadelphia, PA",Pennsylvania,29.64539909,-95.27890015,39.871898651123,-75.241096496582
Southwest Airlines Co.,PHX,HOU,-3.5389105058365757,160.0,-49.0,1542,"Houston, TX",Texas,"Phoenix, AZ",Arizona,29.64539909,-95.27890015,33.4342994689941,-112.012001037598
Southwest Airlines Co.,PIT,HOU,-13.160714285714286,76.0,-35.0,112,"Houston, TX",Texas,"Pittsburgh, PA",Pennsylvania,29.64539909,-95.27890015,40.49150085,-80.23290253
Southwest Airlines Co.,PNS,HOU,-5.823529411764706,124.0,-28.0,442,"Houston, TX",Texas,"Pensacola, FL",Florida,29.64539909,-95.27890015,30.473400115967,-87.186599731445
Southwest Airlines Co.,RDU,HOU,-8.357615894039736,54.0,-42.0,151,"Houston, TX",Texas,"Raleigh/Durham, NC",North Carolina,29.64539909,-95.27890015,35.8776016235352,-78.7874984741211
Southwest Airlines Co.,RNO,HOU,11.285714285714286,37.0,-1.0,7,"Houston, TX",Texas,"Reno, NV",Nevada,29.64539909,-95.27890015,39.4990997314453,-119.767997741699
Southwest Airlines Co.,RSW,HOU,-3.0,24.0,-19.0,15,"Houston, TX",Texas,"Fort Myers, FL",Florida,29.64539909,-95.27890015,26.5361995697021,-81.7552032470703
Southwest Airlines Co.,SAN,HOU,-6.152671755725191,167.0,-44.0,786,"Houston, TX",Texas,"San Diego, CA",California,29.64539909,-95.27890015,32.7336006165,-117.190002441
Southwest Airlines Co.,SAT,HOU,-7.168674698795181,312.0,-28.0,1328,"Houston, TX",Texas,"San Antonio, TX",Texas,29.64539909,-95.27890015,29.5337009429932,-98.4698028564453
Southwest Airlines Co.,SDF,HOU,-10.736196319018404,84.0,-34.0,163,"Houston, TX",Texas,"Louisville, KY",Kentucky,29.64539909,-95.27890015,38.1744,-85.736
Southwest Airlines Co.,SJC,HOU,-13.211009174311927,79.0,-36.0,109,"Houston, TX",Texas,"San Jose, CA",California,29.64539909,-95.27890015,37.362598,-121.929001
Southwest Airlines Co.,SJU,HOU,-10.426229508196721,87.0,-32.0,61,"Houston, TX",Texas,"San Juan, PR",Puerto Rico,29.64539909,-95.27890015,,
Southwest Airlines Co.,SLC,HOU,-2.5476190476190474,59.0,-28.0,84,"Houston, TX",Texas,"Salt Lake City, UT",Utah,29.64539909,-95.27890015,40.7883987426758,-111.977996826172
Southwest Airlines Co.,SMF,HOU,-3.0727272727272728,77.0,-24.0,55,"Houston, TX",Texas,"Sacramento, CA",California,29.64539909,-95.27890015,38.6954002380371,-121.591003417969
Southwest Airlines Co.,SNA,HOU,-4.375,33.0,-34.0,32,"Houston, TX",Texas,"Santa Ana, CA",California,29.64539909,-95.27890015,33.67570114,-117.8679962
Southwest Airlines Co.,STL,HOU,-7.652855543113102,259.0,-35.0,893,"Houston, TX",Texas,"St. Louis, MO",Missouri,29.64539909,-95.27890015,38.748697,-90.370003
Southwest Airlines Co.,TPA,HOU,-6.161044613710555,152.0,-30.0,919,"Houston, TX",Texas,"Tampa, FL",Florida,29.64539909,-95.27890015,27.9755001068115,-82.533203125
Southwest Airlines Co.,TUL,HOU,-6.614699331848552,200.0,-37.0,449,"Houston, TX",Texas,"Tulsa, OK",Oklahoma,29.64539909,-95.27890015,36.1983985900879,-95.8880996704102
Southwest Airlines Co.,TUS,HOU,-3.3333333333333335,105.0,-22.0,54,"Houston, TX",Texas,"Tucson, AZ",Arizona,29.64539909,-95.27890015,32.1161003112793,-110.94100189209
Spirit Air Lines,ATL,IAH,-7.789090909090909,351.0,-39.0,275,"Houston, TX",Texas,"Atlanta, GA",Georgia,29.9843997955322,-95.3414001464844,33.6367,-84.428101
Spirit Air Lines,BWI,IAH,-4.145945945945946,168.0,-35.0,185,"Houston, TX",Texas,"Baltimore, MD",Maryland,29.9843997955322,-95.3414001464844,39.1754,-76.668297
Spirit Air Lines,DEN,IAH,0.10546875,304.0,-44.0,256,"Houston, TX",Texas,"Denver, CO",Colorado,29.9843997955322,-95.3414001464844,39.861698150635,-104.672996521
Spirit Air Lines,DTW,IAH,0.15789473684210525,302.0,-35.0,266,"Houston, TX",Texas,"Detroit, MI",Michigan,29.9843997955322,-95.3414001464844,42.2123985290527,-83.353401184082
Spirit Air Lines,EWR,IAH,-5.075,104.0,-38.0,240,"Houston, TX",Texas,"Newark, NJ",New Jersey,29.9843997955322,-95.3414001464844,40.6925010681152,-74.168701171875
Spirit Air Lines,FLL,IAH,-6.81123595505618,261.0,-48.0,445,"Houston, TX",Texas,"Fort Lauderdale, FL",Florida,29.9843997955322,-95.3414001464844,26.072599,-80.152702
Spirit Air Lines,LAS,IAH,-5.772435897435898,244.0,-40.0,624,"Houston, TX",Texas,"Las Vegas, NV",Nevada,29.9843997955322,-95.3414001464844,36.08010101,-115.1520004
Spirit Air Lines,LAX,IAH,-7.919925512104283,251.0,-46.0,537,"Houston, TX",Texas,"Los Angeles, CA",California,29.9843997955322,-95.3414001464844,33.94250107,-118.4079971
Spirit Air Lines,MCO,IAH,-5.5394045534150615,202.0,-44.0,571,"Houston, TX",Texas,"Orlando, FL",Florida,29.9843997955322,-95.3414001464844,28.4293994903564,-81.3089981079102
Spirit Air Lines,MSY,IAH,-3.464864864864865,182.0,-33.0,185,"Houston, TX",Texas,"New Orleans, LA",Louisiana,29.9843997955322,-95.3414001464844,29.9934005737305,-90.2580032348633
Spirit Air Lines,OAK,IAH,-6.142857142857143,138.0,-37.0,70,"Houston, TX",Texas,"Oakland, CA",California,29.9843997955322,-95.3414001464844,37.721298,-122.221001
Spirit Air Lines,ORD,IAH,-6.795121951219512,314.0,-60.0,410,"Houston, TX",Texas,"Chicago, IL",Illinois,29.9843997955322,-95.3414001464844,41.9786,-87.9048
Spirit Air Lines,SAN,IAH,-8.635761589403973,150.0,-49.0,151,"Houston, TX",Texas,"San Diego, CA",California,29.9843997955322,-95.3414001464844,32.7336006165,-117.190002441
Spirit Air Lines,TPA,IAH,-5.083333333333333,132.0,-34.0,180,"Houston, TX",Texas,"Tampa, FL",Florida,29.9843997955322,-95.3414001464844,27.9755001068115,-82.533203125
United Air Lines Inc.,ABQ,IAH,-7.915492957746479,110.0,-33.0,71,"Houston, TX",Texas,"Albuquerque, NM",New Mexico,29.9843997955322,-95.3414001464844,35.040199,-106.609001
United Air Lines Inc.,ATL,IAH,-5.354497354497354,140.0,-28.0,189,"Houston, TX",Texas,"Atlanta, GA",Georgia,29.9843997955322,-95.3414001464844,33.6367,-84.428101
United Air Lines Inc.,AUS,IAH,-3.020631067961165,664.0,-33.0,824,"Houston, TX",Texas,"Austin, TX",Texas,29.9843997955322,-95.3414001464844,30.1944999694824,-97.6698989868164
United Air Lines Inc.,BNA,IAH,-6.2631578947368425,254.0,-34.0,171,"Houston, TX",Texas,"Nashville, TN",Tennessee,29.9843997955322,-95.3414001464844,36.1245002746582,-86.6781997680664
United Air Lines Inc.,BOS,IAH,-11.970588235294118,226.0,-52.0,646,"Houston, TX",Texas,"Boston, MA",Massachusetts,29.9843997955322,-95.3414001464844,42.36429977,-71.00520325
United Air Lines Inc.,BTR,IAH,-16.0,-16.0,-16.0,1,"Houston, TX",Texas,"Baton Rouge, LA",Louisiana,29.9843997955322,-95.3414001464844,30.533199,-91.149597
United Air Lines Inc.,BWI,IAH,-9.251101321585903,118.0,-57.0,227,"Houston, TX",Texas,"Baltimore, MD",Maryland,29.9843997955322,-95.3414001464844,39.1754,-76.668297
United Air Lines Inc.,CHS,IAH,10.7,193.0,-26.0,20,"Houston, TX",Texas,"Charleston, SC",South Carolina,29.9843997955322,-95.3414001464844,32.89860153,-80.04049683
United Air Lines Inc.,CLE,IAH,-8.436363636363636,104.0,-40.0,165,"Houston, TX",Texas,"Cleveland, OH",Ohio,29.9843997955322,-95.3414001464844,41.4117012024,-81.8498001099
United Air Lines Inc.,CLT,IAH,-7.739495798319328,106.0,-35.0,119,"Houston, TX",Texas,"Charlotte, NC",North Carolina,29.9843997955322,-95.3414001464844,35.2140007019043,-80.9430999755859
United Air Lines Inc.,CMH,IAH,-4.666666666666667,9.0,-20.0,3,"Houston, TX",Texas,"Columbus, OH",Ohio,29.9843997955322,-95.3414001464844,39.998001,-82.891899
United Air Lines Inc.,CVG,IAH,8.6,124.0,-29.0,5,"Houston, TX",Texas,"Cincinnati, OH",Kentucky,29.9843997955322,-95.3414001464844,39.0488014221,-84.6678009033
United Air Lines Inc.,DCA,IAH,-10.135549872122763,134.0,-56.0,391,"Houston, TX",Texas,"Washington, DC",Virginia,29.9843997955322,-95.3414001464844,38.8521,-77.037697
United Air Lines Inc.,DEN,IAH,-4.709177078845325,685.0,-47.0,2321,"Houston, TX",Texas,"Denver, CO",Colorado,29.9843997955322,-95.3414001464844,39.861698150635,-104.672996521
United Air Lines Inc.,DFW,IAH,0.6557377049180327,276.0,-31.0,305,"Houston, TX",Texas,"Dallas/Fort Worth, TX",Texas,29.9843997955322,-95.3414001464844,32.896801,-97.038002
United Air Lines Inc.,DSM,IAH,0.17391304347826086,122.0,-25.0,23,"Houston, TX",Texas,"Des Moines, IA",Iowa,29.9843997955322,-95.3414001464844,41.5340003967285,-93.6631011962891
United Air Lines Inc.,DTW,IAH,-13.27659574468085,64.0,-37.0,47,"Houston, TX",Texas,"Detroit, MI",Michigan,29.9843997955322,-95.3414001464844,42.2123985290527,-83.353401184082
United Air Lines Inc.,EGE,IAH,-2.606382978723404,220.0,-45.0,94,"Houston, TX",Texas,"Eagle, CO",Colorado,29.9843997955322,-95.3414001464844,39.64260101,-106.9179993
United Air Lines Inc.,EWR,IAH,-7.557659208261618,317.0,-64.0,1743,"Houston, TX",Texas,"Newark, NJ",New Jersey,29.9843997955322,-95.3414001464844,40.6925010681152,-74.168701171875
United Air Lines Inc.,FLL,IAH,-6.928118393234672,1149.0,-42.0,946,"Houston, TX",Texas,"Fort Lauderdale, FL",Florida,29.9843997955322,-95.3414001464844,26.072599,-80.152702
United Air Lines Inc.,HDN,IAH,-4.606741573033708,159.0,-43.0,89,"Houston, TX",Texas,"Hayden, CO",Colorado,29.9843997955322,-95.3414001464844,40.48120117,-107.2180023
United Air Lines Inc.,HNL,IAH,-8.65925925925926,109.0,-53.0,135,"Houston, TX",Texas,"Honolulu, HI",Hawaii,29.9843997955322,-95.3414001464844,21.32062,-157.924228
United Air Lines Inc.,IAD,IAH,-12.067028985507246,366.0,-54.0,1104,"Houston, TX",Texas,"Washington, DC",Virginia,29.9843997955322,-95.3414001464844,38.94449997,-77.45580292
United Air Lines Inc.,IND,IAH,1.625,63.0,-21.0,16,"Houston, TX",Texas,"Indianapolis, IN",Indiana,29.9843997955322,-95.3414001464844,39.7173,-86.294403
United Air Lines Inc.,JAC,IAH,-11.820512820512821,132.0,-37.0,39,"Houston, TX",Texas,"Jackson, WY",Wyoming,29.9843997955322,-95.3414001464844,43.6072998046875,-110.737998962402
United Air Lines Inc.,JAX,IAH,-5.155778894472362,189.0,-31.0,199,"Houston, TX",Texas,"Jacksonville, FL",Florida,29.9843997955322,-95.3414001464844,30.4941005706787,-81.6878967285156
United Air Lines Inc.,LAS,IAH,-3.7689497716894977,681.0,-44.0,1095,"Houston, TX",Texas,"Las Vegas, NV",Nevada,29.9843997955322,-95.3414001464844,36.08010101,-115.1520004
United Air Lines Inc.,LAX,IAH,-8.04227733934611,212.0,-56.0,1774,"Houston, TX",Texas,"Los Angeles, CA",California,29.9843997955322,-95.3414001464844,33.94250107,-118.4079971
United Air Lines Inc.,LGA,IAH,-11.571428571428571,177.0,-55.0,413,"Houston, TX",Texas,"New York, NY",New York,29.9843997955322,-95.3414001464844,40.77719879,-73.87259674
United Air Lines Inc.,MAF,IAH,-2.521978021978022,656.0,-28.0,182,"Houston, TX",Texas,"Midland/Odessa, TX",Texas,29.9843997955322,-95.3414001464844,31.9424991607666,-102.202003479004
United Air Lines Inc.,MCI,IAH,-5.235294117647059,39.0,-23.0,17,"Houston, TX",Texas,"Kansas City, MO",Missouri,29.9843997955322,-95.3414001464844,39.2976,-94.713898
United Air Lines Inc.,MCO,IAH,-6.742629482071713,250.0,-41.0,1255,"Houston, TX",Texas,"Orlando, FL",Florida,29.9843997955322,-95.3414001464844,28.4293994903564,-81.3089981079102
United Air Lines Inc.,MEM,IAH,-13.6,-4.0,-20.0,5,"Houston, TX",Texas,"Memphis, TN",Tennessee,29.9843997955322,-95.3414001464844,35.0424003601074,-89.9766998291016
United Air Lines Inc.,MFE,IAH,-8.318181818181818,84.0,-36.0,154,"Houston, TX",Texas,"Mission/McAllen/Edinburg, TX",Texas,29.9843997955322,-95.3414001464844,26.17580032,-98.23860168
United Air Lines Inc.,MIA,IAH,-7.135933806146572,874.0,-45.0,846,"Houston, TX",Texas,"Miami, FL",Florida,29.9843997955322,-95.3414001464844,25.7931995391846,-80.2906036376953
United Air Lines Inc.,MSP,IAH,-3.5952380952380953,72.0,-38.0,42,"Houston, TX",Texas,"Minneapolis, MN",Minnesota,29.9843997955322,-95.3414001464844,44.882,-93.221802
United Air Lines Inc.,MSY,IAH,-4.099688473520249,633.0,-36.0,963,"Houston, TX",Texas,"New Orleans, LA",Louisiana,29.9843997955322,-95.3414001464844,29.9934005737305,-90.2580032348633
United Air Lines Inc.,OKC,IAH,-9.408163265306122,128.0,-25.0,98,"Houston, TX",Texas,"Oklahoma City, OK",Oklahoma,29.9843997955322,-95.3414001464844,35.3931007385254,-97.600700378418
United Air Lines Inc.,OMA,IAH,-2.5166666666666666,75.0,-32.0,60,"Houston, TX",Texas,"Omaha, NE",Nebraska,29.9843997955322,-95.3414001464844,41.3032,-95.894096
United Air Lines Inc.,ONT,IAH,4.5,7.0,2.0,2,"Houston, TX",Texas,"Ontario, CA",California,29.9843997955322,-95.3414001464844,34.0559997558594,-117.600997924805
United Air Lines Inc.,ORD,IAH,-10.518914107699155,871.0,-55.0,2247,"Houston, TX",Texas,"Chicago, IL",Illinois,29.9843997955322,-95.3414001464844,41.9786,-87.9048
United Air Lines Inc.,ORF,IAH,-2.8,54.0,-24.0,5,"Houston, TX",Texas,"Norfolk, VA",Virginia,29.9843997955322,-95.3414001464844,36.8945999145508,-76.2012023925781
United Air Lines Inc.,PBI,IAH,-11.487603305785123,94.0,-41.0,121,"Houston, TX",Texas,"West Palm Beach/Palm Beach, FL",Florida,29.9843997955322,-95.3414001464844,26.6832008361816,-80.0955963134766
United Air Lines Inc.,PDX,IAH,-6.858333333333333,404.0,-42.0,360,"Houston, TX",Texas,"Portland, OR",Oregon,29.9843997955322,-95.3414001464844,45.58869934,-122.5979996
United Air Lines Inc.,PHL,IAH,-10.994871794871795,122.0,-44.0,195,"Houston, TX",Texas,"Philadelphia, PA",Pennsylvania,29.9843997955322,-95.3414001464844,39.871898651123,-75.241096496582
United Air Lines Inc.,PHX,IAH,-7.717136150234742,341.0,-39.0,852,"Houston, TX",Texas,"Phoenix, AZ",Arizona,29.9843997955322,-95.3414001464844,33.4342994689941,-112.012001037598
United Air Lines Inc.,PIT,IAH,0.47297297297297297,255.0,-36.0,74,"Houston, TX",Texas,"Pittsburgh, PA",Pennsylvania,29.9843997955322,-95.3414001464844,40.49150085,-80.23290253
United Air Lines Inc.,PNS,IAH,22.574468085106382,770.0,-23.0,47,"Houston, TX",Texas,"Pensacola, FL",Florida,29.9843997955322,-95.3414001464844,30.473400115967,-87.186599731445
United Air Lines Inc.,PSP,IAH,10.583333333333334,86.0,-14.0,12,"Houston, TX",Texas,"Palm Springs, CA",California,29.9843997955322,-95.3414001464844,33.8297004699707,-116.50700378418
United Air Lines Inc.,RDU,IAH,-3.4375,160.0,-39.0,112,"Houston, TX",Texas,"Raleigh/Durham, NC",North Carolina,29.9843997955322,-95.3414001464844,35.8776016235352,-78.7874984741211
United Air Lines Inc.,RNO,IAH,-14.5,-6.0,-23.0,2,"Houston, TX",Texas,"Reno, NV",Nevada,29.9843997955322,-95.3414001464844,39.4990997314453,-119.767997741699
United Air Lines Inc.,RSW,IAH,-4.718274111675127,923.0,-43.0,394,"Houston, TX",Texas,"Fort Myers, FL",Florida,29.9843997955322,-95.3414001464844,26.5361995697021,-81.7552032470703
United Air Lines Inc.,SAN,IAH,-8.435239206534423,208.0,-41.0,857,"Houston, TX",Texas,"San Diego, CA",California,29.9843997955322,-95.3414001464844,32.7336006165,-117.190002441
United Air Lines Inc.,SAT,IAH,-0.8881431767337807,752.0,-37.0,894,"Houston, TX",Texas,"San Antonio, TX",Texas,29.9843997955322,-95.3414001464844,29.5337009429932,-98.4698028564453
United Air Lines Inc.,SAV,IAH,-18.0,-18.0,-18.0,1,"Houston, TX",Texas,"Savannah, GA",Georgia,29.9843997955322,-95.3414001464844,32.12760162,-81.20210266
United Air Lines Inc.,SDF,IAH,-10.0,-10.0,-10.0,1,"Houston, TX",Texas,"Louisville, KY",Kentucky,29.9843997955322,-95.3414001464844,38.1744,-85.736
United Air Lines Inc.,SEA,IAH,-11.481717011128776,239.0,-59.0,629,"Houston, TX",Texas,"Seattle, WA",Washington,29.9843997955322,-95.3414001464844,47.449001,-122.308998
United Air Lines Inc.,SFO,IAH,-9.550054406964092,594.0,-63.0,1838,"Houston, TX",Texas,"San Francisco, CA",California,29.9843997955322,-95.3414001464844,37.6189994812012,-122.375
United Air Lines Inc.,SJC,IAH,-8.392523364485982,225.0,-39.0,107,"Houston, TX",Texas,"San Jose, CA",California,29.9843997955322,-95.3414001464844,37.362598,-121.929001
United Air Lines Inc.,SJU,IAH,-11.992307692307692,224.0,-53.0,520,"Houston, TX",Texas,"San Juan, PR",Puerto Rico,29.9843997955322,-95.3414001464844,,
United Air Lines Inc.,SLC,IAH,-4.576704545454546,193.0,-36.0,352,"Houston, TX",Texas,"Salt Lake City, UT",Utah,29.9843997955322,-95.3414001464844,40.7883987426758,-111.977996826172
United Air Lines Inc.,SMF,IAH,-9.055555555555555,147.0,-44.0,252,"Houston, TX",Texas,"Sacramento, CA",California,29.9843997955322,-95.3414001464844,38.6954002380371,-121.591003417969
United Air Lines Inc.,SNA,IAH,-10.192151556156968,150.0,-46.0,739,"Houston, TX",Texas,"Santa Ana, CA",California,29.9843997955322,-95.3414001464844,33.67570114,-117.8679962
United Air Lines Inc.,STL,IAH,-1.0,18.0,-16.0,4,"Houston, TX",Texas,"St. Louis, MO",Missouri,29.9843997955322,-95.3414001464844,38.748697,-90.370003
United Air Lines Inc.,STT,IAH,-9.212962962962964,218.0,-41.0,108,"Houston, TX",Texas,"Charlotte Amalie, VI",U.S. Virgin Islands,29.9843997955322,-95.3414001464844,,
United Air Lines Inc.,TPA,IAH,-7.553571428571429,977.0,-40.0,840,"Houston, TX",Texas,"Tampa, FL",Florida,29.9843997955322,-95.3414001464844,27.9755001068115,-82.533203125
United Air Lines Inc.,TUL,IAH,-6.130952380952381,62.0,-30.0,84,"Houston, TX",Texas,"Tulsa, OK",Oklahoma,29.9843997955322,-95.3414001464844,36.1983985900879,-95.8880996704102
United Air Lines Inc.,TUS,IAH,-3.1311475409836067,203.0,-31.0,61,"Houston, TX",Texas,"Tucson, AZ",Arizona,29.9843997955322,-95.3414001464844,32.1161003112793,-110.94100189209
